order_id,order_date,customer_id,product,category,region,city,quantity,unit_price,discount,payment_method,order_status,gross_sales,discount_amount,net_sales,estimated_cost,profit,order_month
ORD00001,2025-01-13,CUST0190,Office Chair,Furniture,North,Jaipur,2,138.58,0.0,Net Banking,Delivered,277.16,0.0,277.16,199.5552,77.60480000000001,2025-01
ORD00002,2025-01-17,CUST0008,Desk Lamp,Home,West,Mumbai,2,26.8,0.15,UPI,Cancelled,53.6,8.04,45.56,32.803200000000004,12.756799999999998,2025-01
ORD00003,2025-04-23,CUST0115,Smart Watch,Electronics,West,Ahmedabad,3,115.45,0.0,Credit Card,Returned,346.35,0.0,346.35,249.372,96.97800000000001,2025-04
ORD00004,2025-05-23,CUST0040,T-Shirt,Fashion,East,Kolkata,3,20.6,0.1,UPI,Delivered,61.800000000000004,6.180000000000001,55.620000000000005,40.0464,15.573600000000006,2025-05
ORD00005,2025-01-23,CUST0187,Running Shoes,Fashion,East,Bhubaneswar,5,70.5,0.1,UPI,Cancelled,352.5,35.25,317.25,228.42,88.83000000000001,2025-01
ORD00006,2025-10-23,CUST0050,Backpack,Accessories,East,Patna,1,41.73,0.0,Debit Card,Delivered,41.73,0.0,41.73,30.045599999999997,11.6844,2025-10
ORD00007,2025-07-14,CUST0072,Smart Watch,Electronics,North,Jaipur,3,104.06,0.05,Credit Card,Returned,312.18,15.609000000000002,296.571,213.53112000000002,83.03988000000001,2025-07
ORD00008,2025-11-08,CUST0163,Backpack,Accessories,North,Delhi,5,46.65,0.0,Cash on Delivery,Delivered,233.25,0.0,233.25,167.94,65.31,2025-11
ORD00009,2025-12-17,CUST0084,Backpack,Accessories,South,Bengaluru,2,47.32,0.05,Cash on Delivery,Delivered,94.64,4.732,89.908,64.73376,25.174239999999998,2025-12
ORD00010,2025-10-18,CUST0225,Smartphone,Electronics,South,Hyderabad,3,400.69,0.1,Cash on Delivery,Returned,1202.07,120.207,1081.8629999999998,778.9413599999998,302.92164,2025-10
ORD00011,2025-05-16,CUST0036,Laptop,Fashion,South,Bengaluru,5,48.3,0.15,Cash on Delivery,Cancelled,241.5,36.225,205.275,147.798,57.477000000000004,2025-05
ORD00012,2025-04-23,CUST0036,T-Shirt,Fashion,East,Patna,4,20.56,0.0,UPI,Delivered,82.24,0.0,82.24,59.212799999999994,23.0272,2025-04
ORD00013,2025-12-15,CUST0109,Office Chair,Furniture,South,Hyderabad,1,142.33,0.15,Cash on Delivery,Cancelled,142.33,21.349500000000003,120.9805,87.10596,33.87454000000001,2025-12
ORD00014,2025-12-15,CUST0185,Backpack,Accessories,North,Delhi,5,46.81,0.05,UPI,Delivered,234.05,11.7025,222.34750000000003,160.0902,62.257300000000015,2025-12
ORD00015,2025-08-21,CUST0001,T-Shirt,Fashion,South,Hyderabad,3,23.66,0.0,Net Banking,Delivered,70.98,0.0,70.98,51.1056,19.8744,2025-08
ORD00016,2025-11-24,CUST0130,Office Chair,Furniture,East,Patna,2,136.95,0.0,Net Banking,Cancelled,273.9,0.0,273.9,197.20799999999997,76.69200000000001,2025-11
ORD00017,2025-09-08,CUST0005,Laptop,Electronics,East,Kolkata,3,689.39,0.05,Credit Card,Delivered,2068.17,103.4085,1964.7615,1414.62828,550.1332200000002,2025-09
ORD00018,2025-02-13,CUST0188,Smart Watch,Electronics,North,Jaipur,1,118.41,0.15,Credit Card,Delivered,118.41,17.761499999999998,100.6485,72.46692,28.181579999999997,2025-02
ORD00019,2025-10-09,CUST0043,Office Chair,Furniture,West,Pune,5,153.64,0.1,Credit Card,Cancelled,768.1999999999999,76.82,691.3799999999999,497.7935999999999,193.58639999999997,2025-10
ORD00020,2025-06-09,CUST0103,Notebook,Stationery,South,Hyderabad,3,7.92,0.15,Cash on Delivery,Delivered,23.759999999999998,3.5639999999999996,20.195999999999998,14.541119999999998,5.65488,2025-06
ORD00021,2025-02-02,CUST0087,Smart Watch,Electronics,South,Bengaluru,5,110.95,0.15,Credit Card,Delivered,554.75,83.21249999999999,471.5375,339.507,132.03050000000002,2025-02
ORD00022,2025-04-28,CUST0018,Smartphone,Electronics,North,Delhi,3,391.16,0.0,Debit Card,Returned,1173.48,0.0,1173.48,844.9055999999999,328.5744000000001,2025-04
ORD00023,2025-10-04,CUST0034,Jeans,Fashion,South,Hyderabad,5,48.59,0.0,Cash on Delivery,Delivered,242.95000000000002,0.0,242.95000000000002,174.924,68.02600000000001,2025-10
ORD00024,2025-02-19,CUST0169,Smart Watch,Electronics,North,Jaipur,3,108.65,0.1,UPI,Returned,325.95000000000005,32.595000000000006,293.355,211.2156,82.13940000000002,2025-02
ORD00025,2025-02-01,CUST0104,Office Chair,Furniture,North,Lucknow,3,151.97,0.0,Credit Card,Delivered,455.90999999999997,0.0,455.90999999999997,328.25519999999995,127.65480000000002,2025-02
ORD00026,2025-03-13,CUST0109,Smart Watch,Electronics,West,Mumbai,3,109.34,0.0,Cash on Delivery,Cancelled,328.02,0.0,328.02,236.1744,91.84559999999999,2025-03
ORD00027,2025-11-30,CUST0139,Smartphone,Electronics,North,Delhi,1,448.65,0.0,Credit Card,Delivered,448.65,0.0,448.65,323.02799999999996,125.62200000000001,2025-11
ORD00028,2025-04-20,CUST0222,Jeans,Fashion,West,Pune,1,45.42,0.0,Cash on Delivery,Delivered,45.42,0.0,45.42,32.7024,12.717600000000004,2025-04
ORD00029,2025-08-05,CUST0179,Jeans,Fashion,East,Patna,5,49.24,0.1,Credit Card,Delivered,246.20000000000002,24.620000000000005,221.58,159.5376,62.042400000000015,2025-08
ORD00030,2025-01-30,CUST0149,Backpack,Accessories,South,Hyderabad,5,41.84,0.05,UPI,Delivered,209.20000000000002,10.46,198.74,143.0928,55.6472,2025-01
ORD00031,2025-09-15,CUST0236,Desk Lamp,Home,West,Ahmedabad,2,26.01,0.15,UPI,Delivered,52.02,7.803,44.217000000000006,31.836240000000004,12.380760000000002,2025-09
ORD00032,2025-12-12,CUST0221,Smartphone,Electronics,North,Delhi,4,394.46,0.15,Credit Card,Cancelled,1577.84,236.676,1341.164,965.63808,375.52592000000004,2025-12
ORD00033,2025-11-14,CUST0021,Desk Lamp,Home,North,Jaipur,5,28.29,0.05,Debit Card,Delivered,141.45,7.0725,134.3775,96.75179999999999,37.62570000000001,2025-11
ORD00034,2025-05-03,CUST0068,Office Chair,Furniture,East,Bhubaneswar,2,148.98,0.05,Cash on Delivery,Delivered,297.96,14.898,283.06199999999995,203.80463999999995,79.25736,2025-05
ORD00035,2025-08-23,CUST0160,Smartphone,Electronics,North,Lucknow,1,391.32,0.0,Net Banking,Delivered,391.32,0.0,391.32,281.75039999999996,109.56960000000004,2025-08
ORD00036,2025-02-05,CUST0226,Headphones,Electronics,East,Kolkata,3,62.76,0.1,Net Banking,Returned,188.28,18.828,169.452,122.00544,47.446560000000005,2025-02
ORD00037,2025-12-08,CUST0210,Backpack,Accessories,North,Lucknow,3,48.11,0.0,Credit Card,Delivered,144.32999999999998,0.0,144.32999999999998,103.91759999999998,40.412400000000005,2025-12
ORD00038,2025-10-11,CUST0040,Smartphone,Electronics,North,Jaipur,3,427.04,0.05,Credit Card,Returned,1281.1200000000001,64.05600000000001,1217.064,876.28608,340.7779200000001,2025-10
ORD00039,2025-09-16,CUST0126,Office Chair,Furniture,East,Bhubaneswar,1,135.54,0.1,Debit Card,Delivered,135.54,13.554,121.98599999999999,87.82991999999999,34.15608,2025-09
ORD00040,2025-03-08,CUST0164,Laptop,Electronics,East,Bhubaneswar,2,675.09,0.15,Cash on Delivery,Cancelled,1350.18,202.52700000000002,1147.653,826.31016,321.34284,2025-03
ORD00041,2025-02-08,CUST0242,Laptop,Electronics,North,Unknown,2,654.74,0.05,Net Banking,Cancelled,1309.48,65.474,1244.006,895.6843200000001,348.32168,2025-02
ORD00042,2025-03-07,CUST0011,Headphones,Electronics,West,Pune,3,69.15,0.0,Debit Card,Delivered,207.45000000000002,0.0,207.45000000000002,149.364,58.08600000000001,2025-03
ORD00043,2025-12-08,CUST0027,Office Chair,Furniture,South,Chennai,5,153.91,0.1,Net Banking,Returned,769.55,76.955,692.5949999999999,498.6683999999999,193.9266,2025-12
ORD00044,2025-03-25,CUST0250,Headphones,Electronics,South,Bengaluru,4,60.06,0.05,Cash on Delivery,Returned,240.24,12.012,228.228,164.32416,63.90384,2025-03
ORD00045,2025-05-17,CUST0041,Notebook,Stationery,South,Hyderabad,1,7.85,0.0,Cash on Delivery,Delivered,7.85,0.0,7.85,5.651999999999999,2.1980000000000004,2025-05
ORD00046,2025-06-29,CUST0079,Smart Watch,Electronics,West,Mumbai,2,101.62,0.0,Cash on Delivery,Delivered,203.24,0.0,203.24,146.3328,56.90720000000002,2025-06
ORD00047,2025-05-23,CUST0090,Backpack,Accessories,North,Lucknow,5,44.28,0.15,Debit Card,Delivered,221.4,33.21,188.19,135.4968,52.69319999999999,2025-05
ORD00048,2025-04-02,CUST0149,Smartphone,Electronics,East,Bhubaneswar,1,393.68,0.1,Debit Card,Returned,393.68,39.368,354.312,255.10464,99.20736000000002,2025-04
ORD00049,2025-11-07,CUST0131,Running Shoes,Fashion,West,Mumbai,4,79.79,0.0,Debit Card,Delivered,319.16,0.0,319.16,229.79520000000002,89.3648,2025-11
ORD00050,2025-01-01,CUST0134,Notebook,Stationery,West,Ahmedabad,2,7.83,0.0,Debit Card,Cancelled,15.66,0.0,15.66,11.2752,4.3848,2025-01
ORD00051,2025-06-03,CUST0130,Running Shoes,Fashion,North,Jaipur,4,72.91,0.05,Net Banking,Delivered,291.64,14.582,277.058,199.48175999999998,77.57624000000001,2025-06
ORD00052,2025-12-07,CUST0241,Smart Watch,Electronics,West,Pune,2,112.03,0.05,Cash on Delivery,Cancelled,224.06,11.203000000000001,212.857,153.25704,59.59996000000001,2025-12
ORD00053,2025-05-27,CUST0054,Laptop,Electronics,East,Bhubaneswar,5,661.09,0.05,Cash on Delivery,Delivered,3305.4500000000003,165.27250000000004,3140.1775000000002,2260.9278,879.2497000000003,2025-05
ORD00054,2025-09-19,CUST0122,Jeans,Fashion,South,Hyderabad,2,49.22,0.05,Net Banking,Returned,98.44,4.922000000000001,93.518,67.33296,26.18504,2025-09
ORD00055,2025-02-17,CUST0210,Office Chair,Furniture,East,Kolkata,3,138.61,0.0,Credit Card,Delivered,415.83000000000004,0.0,415.83000000000004,299.3976,116.43240000000003,2025-02
ORD00056,2025-09-01,CUST0157,Laptop,Electronics,South,Bengaluru,4,67.47,0.15,Credit Card,Returned,269.88,40.482,229.398,165.16656,64.23143999999999,2025-09
ORD00057,2025-09-11,CUST0103,Notebook,Stationery,West,Mumbai,2,8.2,0.0,UPI,Delivered,16.4,0.0,16.4,11.807999999999998,4.5920000000000005,2025-09
ORD00058,2025-12-23,CUST0133,Smart Watch,Electronics,South,Chennai,1,111.01,0.0,Cash on Delivery,Delivered,111.01,0.0,111.01,79.9272,31.082800000000006,2025-12
ORD00059,2025-08-15,CUST0157,Jeans,Fashion,East,Patna,5,47.44,0.15,Cash on Delivery,Delivered,237.2,35.58,201.62,145.1664,56.453599999999994,2025-08
ORD00060,2025-08-19,CUST0067,Notebook,Stationery,West,Mumbai,3,8.34,0.15,Cash on Delivery,Returned,25.02,3.7529999999999997,21.267,15.31224,5.95476,2025-08
ORD00061,2025-08-14,CUST0020,Smart Watch,Electronics,East,Patna,3,105.33,0.05,Debit Card,Cancelled,315.99,15.799500000000002,300.1905,216.13716,84.05333999999999,2025-08
ORD00062,2025-03-19,CUST0060,Smartphone,Electronics,South,Chennai,2,433.87,0.0,Cash on Delivery,Delivered,867.74,0.0,867.74,624.7728,242.96720000000005,2025-03
ORD00063,2025-08-01,CUST0016,Running Shoes,Fashion,West,Mumbai,4,73.67,0.15,UPI,Cancelled,294.68,44.202,250.478,180.34416,70.13384000000002,2025-08
ORD00064,2025-01-04,CUST0242,T-Shirt,Fashion,West,Pune,3,22.89,0.1,Net Banking,Returned,68.67,6.867000000000001,61.803,44.49816,17.30484,2025-01
ORD00065,2025-09-07,CUST0057,Notebook,Stationery,South,Chennai,4,7.98,0.1,Debit Card,Returned,31.92,3.192,28.728,20.684160000000002,8.04384,2025-09
ORD00066,2025-03-26,CUST0216,Office Chair,Furniture,West,Pune,2,156.15,0.15,UPI,Delivered,312.3,46.845,265.45500000000004,191.12760000000003,74.32740000000001,2025-03
ORD00067,2025-02-12,CUST0165,Desk Lamp,Home,North,Jaipur,2,29.64,0.0,UPI,Delivered,59.28,0.0,59.28,42.681599999999996,16.598400000000005,2025-02
ORD00068,2025-04-19,CUST0117,T-Shirt,Fashion,East,Bhubaneswar,3,22.92,0.1,Debit Card,Delivered,68.76,6.876000000000001,61.884,44.55648,17.32752,2025-04
ORD00069,2025-08-29,CUST0005,Backpack,Accessories,North,Lucknow,5,41.78,0.05,Credit Card,Returned,208.9,10.445,198.455,142.8876,55.56740000000002,2025-08
ORD00070,2025-01-16,CUST0244,Smartphone,Electronics,North,Delhi,2,442.8,0.15,Credit Card,Delivered,885.6,132.84,752.76,541.9872,210.77279999999996,2025-01
ORD00071,2025-12-09,CUST0030,Headphones,Electronics,West,Ahmedabad,2,64.64,0.05,Debit Card,Delivered,129.28,6.464,122.816,88.42752,34.38848,2025-12
ORD00072,2025-03-25,CUST0247,Desk Lamp,Home,North,Jaipur,1,28.35,0.05,Net Banking,Returned,28.35,1.4175000000000002,26.9325,19.3914,7.5411,2025-03
ORD00073,2025-04-12,CUST0020,T-Shirt,Fashion,West,Ahmedabad,2,20.6,0.05,Net Banking,Delivered,41.2,2.06,39.14,28.180799999999998,10.959200000000003,2025-04
ORD00074,2025-06-27,CUST0137,Desk Lamp,Home,North,Jaipur,3,26.07,0.05,UPI,Delivered,78.21000000000001,3.9105000000000008,74.29950000000001,53.49564,20.803860000000007,2025-06
ORD00075,2025-08-10,CUST0246,Jeans,Fashion,North,Jaipur,4,49.59,0.1,Credit Card,Returned,198.36,19.836000000000002,178.524,128.53728,49.98671999999999,2025-08
ORD00076,2025-11-12,CUST0207,Coffee Maker,Home,East,Patna,4,89.49,0.15,Debit Card,Delivered,357.96,53.693999999999996,304.26599999999996,219.07151999999996,85.19448,2025-11
ORD00077,2025-05-23,CUST0226,Smart Watch,Electronics,North,Jaipur,2,114.41,0.15,Net Banking,Returned,228.82,34.323,194.49699999999999,140.03784,54.45916,2025-05
ORD00078,2025-01-15,CUST0127,T-Shirt,Fashion,East,Bhubaneswar,2,21.96,0.05,Debit Card,Delivered,43.92,2.196,41.724000000000004,30.04128,11.682720000000003,2025-01
ORD00079,2025-10-12,CUST0003,Backpack,Accessories,East,Patna,2,42.02,0.1,Cash on Delivery,Cancelled,84.04,8.404000000000002,75.63600000000001,54.45792000000001,21.17808,2025-10
ORD00080,2025-11-27,CUST0183,Smart Watch,Electronics,West,Pune,4,115.16,0.0,Debit Card,Delivered,460.64,0.0,460.64,331.6608,128.9792,2025-11
ORD00081,2025-06-06,CUST0170,T-Shirt,Fashion,South,Hyderabad,3,21.91,0.15,Debit Card,Delivered,65.73,9.8595,55.87050000000001,40.226760000000006,15.643740000000001,2025-06
ORD00082,2025-06-30,CUST0180,Notebook,Stationery,East,Bhubaneswar,3,7.75,0.0,UPI,Returned,23.25,0.0,23.25,16.74,6.510000000000002,2025-06
ORD00083,2025-03-03,CUST0191,Smart Watch,Electronics,East,Patna,2,104.57,0.1,Debit Card,Returned,209.14,20.914,188.226,135.52272,52.70328000000001,2025-03
ORD00084,2025-02-21,CUST0214,Desk Lamp,Home,East,Kolkata,3,26.78,0.0,Debit Card,Delivered,80.34,0.0,80.34,57.8448,22.495200000000004,2025-02
ORD00085,2025-05-21,CUST0012,Notebook,Stationery,South,Bengaluru,5,7.73,0.0,Cash on Delivery,Delivered,38.650000000000006,0.0,38.650000000000006,27.828000000000003,10.822000000000003,2025-05
ORD00087,2025-07-25,CUST0126,Smartphone,Electronics,North,Delhi,5,428.7,0.0,Credit Card,Delivered,2143.5,0.0,2143.5,1543.32,600.1800000000001,2025-07
ORD00088,2025-02-13,CUST0064,Desk Lamp,Home,East,Kolkata,5,29.18,0.15,Net Banking,Cancelled,145.9,21.885,124.015,89.29079999999999,34.72420000000001,2025-02
ORD00089,2025-08-19,CUST0233,Smart Watch,Electronics,West,Pune,3,116.34,0.1,Debit Card,Cancelled,349.02,34.902,314.118,226.16495999999998,87.95304000000002,2025-08
ORD00090,2025-11-09,CUST0246,Desk Lamp,Home,North,Lucknow,1,30.01,0.0,Credit Card,Delivered,30.01,0.0,30.01,21.6072,8.402800000000003,2025-11
ORD00091,2025-03-22,CUST0062,Office Chair,Furniture,North,Delhi,5,135.14,0.0,Cash on Delivery,Delivered,675.6999999999999,0.0,675.6999999999999,486.5039999999999,189.19600000000003,2025-03
ORD00092,2025-05-30,CUST0009,Notebook,Stationery,West,Mumbai,3,8.26,0.1,UPI,Returned,24.78,2.478,22.302,16.05744,6.24456,2025-05
ORD00093,2025-11-17,CUST0151,Smart Watch,Electronics,East,Patna,2,108.68,0.15,Credit Card,Returned,217.36,32.604,184.75600000000003,133.02432000000002,51.73168000000001,2025-11
ORD00094,2025-03-14,CUST0019,Headphones,Electronics,East,Kolkata,2,68.04,0.15,Net Banking,Delivered,136.08,20.412000000000003,115.668,83.28096000000001,32.38704,2025-03
ORD00095,2025-08-28,CUST0177,Jeans,Fashion,North,Jaipur,4,51.4,0.15,Net Banking,Delivered,205.6,30.839999999999996,174.76,125.82719999999999,48.9328,2025-08
ORD00096,2025-11-03,CUST0011,Jeans,Fashion,North,Jaipur,3,48.8,0.0,UPI,Delivered,146.39999999999998,0.0,146.39999999999998,105.40799999999997,40.992000000000004,2025-11
ORD00097,2025-12-11,CUST0211,Office Chair,Furniture,North,Jaipur,5,134.33,0.0,Cash on Delivery,Cancelled,671.6500000000001,0.0,671.6500000000001,483.588,188.06200000000007,2025-12
ORD00098,2025-05-23,CUST0047,Office Chair,Furniture,West,Ahmedabad,4,148.13,0.1,UPI,Delivered,592.52,59.252,533.268,383.95296,149.31504,2025-05
ORD00099,2025-06-20,CUST0083,Running Shoes,Fashion,West,Ahmedabad,1,79.29,0.05,Cash on Delivery,Returned,79.29,3.9645000000000006,75.3255,54.23436,21.091140000000003,2025-06
ORD00100,2025-12-06,CUST0242,Jeans,Fashion,East,Bhubaneswar,5,44.44,0.0,Debit Card,Delivered,222.2,0.0,222.2,159.98399999999998,62.21600000000001,2025-12
ORD00101,2025-07-26,CUST0222,Running Shoes,Fashion,North,Lucknow,1,76.89,0.15,Cash on Delivery,Delivered,76.89,11.5335,65.3565,47.05667999999999,18.299820000000004,2025-07
ORD00102,2025-09-23,CUST0093,Laptop,Electronics,South,Hyderabad,4,663.04,0.0,Credit Card,Delivered,2652.16,0.0,2652.16,1909.5551999999998,742.6048000000001,2025-09
ORD00103,2025-05-28,CUST0113,Coffee Maker,Home,South,Hyderabad,4,84.55,0.15,Credit Card,Returned,338.2,50.73,287.46999999999997,206.97839999999997,80.4916,2025-05
ORD00104,2025-10-10,CUST0004,Headphones,Electronics,East,Patna,4,60.77,0.0,Cash on Delivery,Delivered,243.08,0.0,243.08,175.01760000000002,68.0624,2025-10
ORD00105,2025-09-13,CUST0239,Office Chair,Furniture,South,Hyderabad,3,145.21,0.05,Cash on Delivery,Delivered,435.63,21.7815,413.8485,297.97092,115.87758000000002,2025-09
ORD00106,2025-08-22,CUST0142,Jeans,Fashion,South,Bengaluru,4,45.62,0.15,Net Banking,Returned,182.48,27.371999999999996,155.108,111.67775999999999,43.43024000000001,2025-08
ORD00107,2025-05-22,CUST0198,Headphones,Electronics,North,Jaipur,3,69.52,0.15,Debit Card,Delivered,208.56,31.284,177.276,127.63872,49.637280000000004,2025-05
ORD00108,2025-10-28,CUST0149,Backpack,Accessories,East,Patna,4,47.63,0.1,Net Banking,Delivered,190.52,19.052000000000003,171.46800000000002,123.45696000000001,48.01104000000001,2025-10
ORD00109,2025-10-10,CUST0196,Running Shoes,Fashion,East,Patna,4,74.46,0.05,Credit Card,Returned,297.84,14.892,282.948,203.72256,79.22543999999999,2025-10
ORD00110,2025-04-30,CUST0220,Smart Watch,Electronics,West,Pune,1,106.8,0.1,Cash on Delivery,Delivered,106.8,10.68,96.12,69.2064,26.913600000000002,2025-04
ORD00111,2025-09-11,CUST0247,Office Chair,Furniture,South,Bengaluru,2,145.05,0.15,Debit Card,Delivered,290.1,43.515,246.58500000000004,177.54120000000003,69.0438,2025-09
ORD00112,2025-09-27,CUST0234,Jeans,Fashion,North,Jaipur,1,49.71,0.1,Credit Card,Delivered,49.71,4.971,44.739000000000004,32.21208,12.526920000000004,2025-09
ORD00113,2025-06-23,CUST0160,Jeans,Fashion,East,Patna,4,49.15,0.05,Net Banking,Delivered,196.6,9.83,186.76999999999998,134.47439999999997,52.29560000000001,2025-06
ORD00114,2025-10-05,CUST0010,Running Shoes,Fashion,West,Ahmedabad,1,71.82,0.05,Credit Card,Returned,71.82,3.5909999999999997,68.229,49.12488,19.10412,2025-10
ORD00115,2025-02-20,CUST0195,Smartphone,Electronics,West,Ahmedabad,1,416.22,0.05,UPI,Delivered,416.22,20.811000000000003,395.40900000000005,284.69448,110.71452000000005,2025-02
ORD00116,2025-05-31,CUST0092,Running Shoes,Fashion,North,Jaipur,4,70.75,0.15,Cash on Delivery,Cancelled,283.0,42.449999999999996,240.55,173.196,67.35400000000001,2025-05
ORD00117,2025-03-29,CUST0045,Office Chair,Furniture,South,Bengaluru,5,153.6,0.15,Credit Card,Delivered,768.0,115.19999999999999,652.8,470.01599999999996,182.784,2025-03
ORD00118,2025-04-29,CUST0119,Desk Lamp,Home,South,Hyderabad,3,27.82,0.0,Cash on Delivery,Delivered,83.46000000000001,0.0,83.46000000000001,60.0912,23.368800000000007,2025-04
ORD00119,2025-02-07,CUST0114,Office Chair,Furniture,South,Chennai,5,140.34,0.1,Debit Card,Delivered,701.7,70.17,631.5300000000001,454.70160000000004,176.82840000000004,2025-02
ORD00120,2025-07-16,CUST0219,Backpack,Accessories,South,Chennai,1,43.11,0.15,Debit Card,Cancelled,43.11,6.4665,36.6435,26.38332,10.260180000000002,2025-07
ORD00121,2025-01-12,CUST0213,Backpack,Accessories,East,Patna,4,43.38,0.15,UPI,Cancelled,173.52,26.028000000000002,147.49200000000002,106.19424000000001,41.29776000000001,2025-01
ORD00122,2025-05-27,CUST0199,Notebook,Stationery,West,Mumbai,5,8.39,0.0,Credit Card,Cancelled,41.95,0.0,41.95,30.204,11.746000000000002,2025-05
ORD00123,2025-11-18,CUST0025,Backpack,Accessories,South,Hyderabad,1,43.62,0.1,UPI,Cancelled,43.62,4.362,39.257999999999996,28.265759999999997,10.992239999999999,2025-11
ORD00124,2025-02-16,CUST0233,Running Shoes,Fashion,South,Chennai,3,77.97,0.0,Credit Card,Delivered,233.91,0.0,233.91,168.4152,65.4948,2025-02
ORD00125,2025-09-29,CUST0129,Coffee Maker,Home,East,Bhubaneswar,2,86.5,0.1,Debit Card,Returned,173.0,17.3,155.7,112.10399999999998,43.596000000000004,2025-09
ORD00126,2025-08-28,CUST0247,Running Shoes,Fashion,North,Delhi,2,78.05,0.0,Cash on Delivery,Cancelled,156.1,0.0,156.1,112.392,43.708,2025-08
ORD00127,2025-07-22,CUST0004,Running Shoes,Fashion,North,Jaipur,5,70.48,0.05,Debit Card,Cancelled,352.40000000000003,17.62,334.78000000000003,241.04160000000002,93.73840000000001,2025-07
ORD00128,2025-02-25,CUST0173,T-Shirt,Fashion,East,Kolkata,4,20.33,0.15,Debit Card,Cancelled,81.32,12.197999999999999,69.122,49.76784,19.35416,2025-02
ORD00129,2025-11-22,CUST0211,Smart Watch,Electronics,North,Jaipur,3,112.63,0.0,Credit Card,Delivered,337.89,0.0,337.89,243.28079999999997,94.60920000000002,2025-11
ORD00130,2025-09-10,CUST0030,Laptop,Electronics,East,Kolkata,2,690.27,0.0,Cash on Delivery,Delivered,1380.54,0.0,1380.54,993.9888,386.5512,2025-09
ORD00131,2025-10-28,CUST0191,Running Shoes,Fashion,West,Ahmedabad,2,79.62,0.0,Cash on Delivery,Cancelled,159.24,0.0,159.24,114.6528,44.58720000000001,2025-10
ORD00132,2025-01-17,CUST0177,T-Shirt,Fashion,East,Bhubaneswar,2,21.8,0.0,Debit Card,Delivered,43.6,0.0,43.6,31.392,12.208000000000002,2025-01
ORD00133,2025-10-06,CUST0231,Office Chair,Furniture,East,Patna,3,134.8,0.05,Credit Card,Delivered,404.40000000000003,20.220000000000002,384.18,276.6096,107.5704,2025-10
ORD00134,2025-12-06,CUST0055,Jeans,Fashion,North,Lucknow,5,51.62,0.0,Debit Card,Delivered,258.09999999999997,0.0,258.09999999999997,185.83199999999997,72.268,2025-12
ORD00135,2025-02-05,CUST0213,Headphones,Electronics,South,Hyderabad,2,65.9,0.0,Debit Card,Delivered,131.8,0.0,131.8,94.896,36.90400000000001,2025-02
ORD00136,2025-05-22,CUST0220,Desk Lamp,Home,North,Delhi,2,28.18,0.0,UPI,Returned,56.36,0.0,56.36,40.5792,15.7808,2025-05
ORD00137,2025-01-08,CUST0092,Laptop,Electronics,South,Bengaluru,5,631.67,0.0,Debit Card,Delivered,3158.35,0.0,3158.35,2274.0119999999997,884.3380000000002,2025-01
ORD00138,2025-09-27,CUST0030,Headphones,Electronics,West,Ahmedabad,1,64.75,0.05,Net Banking,Cancelled,64.75,3.2375000000000003,61.5125,44.289,17.2235,2025-09
ORD00139,2025-09-15,CUST0057,Smartphone,Electronics,West,Ahmedabad,1,435.27,0.15,Debit Card,Delivered,435.27,65.2905,369.9795,266.38523999999995,103.59426000000002,2025-09
ORD00140,2025-02-01,CUST0123,Office Chair,Furniture,North,Jaipur,4,149.32,0.1,Cash on Delivery,Delivered,597.28,59.728,537.552,387.03744,150.51456000000002,2025-02
ORD00141,2025-11-08,CUST0038,Smartphone,Electronics,East,Kolkata,2,404.88,0.15,Net Banking,Returned,809.76,121.464,688.296,495.57312,192.72288000000003,2025-11
ORD00142,2025-11-02,CUST0136,Running Shoes,Fashion,West,Pune,4,75.07,0.1,UPI,Returned,300.28,30.028,270.25199999999995,194.58143999999996,75.67056,2025-11
ORD00143,2025-08-09,CUST0116,Smartphone,Electronics,South,Bengaluru,4,409.18,0.1,Cash on Delivery,Delivered,1636.72,163.67200000000003,1473.048,1060.59456,412.45344,2025-08
ORD00144,2025-06-10,CUST0110,Notebook,Stationery,North,Jaipur,3,7.84,0.0,Cash on Delivery,Delivered,23.52,0.0,23.52,16.9344,6.5855999999999995,2025-06
ORD00145,2025-02-17,CUST0111,Smartphone,Electronics,North,Delhi,3,440.95,0.15,UPI,Cancelled,1322.85,198.42749999999998,1124.4225,809.5841999999999,314.8383,2025-02
ORD00146,2025-12-10,CUST0032,Coffee Maker,Home,East,Bhubaneswar,3,95.38,0.1,UPI,Delivered,286.14,28.614,257.526,185.41872,72.10728,2025-12
ORD00147,2025-06-30,CUST0027,Desk Lamp,Home,East,Patna,5,26.71,0.1,Credit Card,Delivered,133.55,13.355000000000002,120.19500000000001,86.5404,33.6546,2025-06
ORD00148,2025-02-28,CUST0196,Running Shoes,Fashion,East,Bhubaneswar,5,71.71,0.1,Net Banking,Cancelled,358.54999999999995,35.855,322.69499999999994,232.34039999999993,90.3546,2025-02
ORD00149,2025-11-08,CUST0238,Desk Lamp,Home,North,Lucknow,3,25.89,0.05,Debit Card,Delivered,77.67,3.8835,73.7865,53.12628,20.660220000000002,2025-11
ORD00150,2025-04-03,CUST0223,Running Shoes,Fashion,North,Delhi,5,76.89,0.0,Credit Card,Returned,384.45,0.0,384.45,276.804,107.64600000000002,2025-04
ORD00151,2025-02-16,CUST0192,Office Chair,Furniture,North,Lucknow,2,142.13,0.1,Debit Card,Delivered,284.26,28.426000000000002,255.834,184.20048,71.63352,2025-02
ORD00152,2025-06-16,CUST0199,Running Shoes,Fashion,East,Patna,5,70.02,0.0,Credit Card,Delivered,350.09999999999997,0.0,350.09999999999997,252.07199999999997,98.02799999999999,2025-06
ORD00153,2025-12-12,CUST0021,Desk Lamp,Home,North,Jaipur,4,28.73,0.1,Net Banking,Delivered,114.92,11.492,103.428,74.46816,28.95984,2025-12
ORD00154,2025-04-21,CUST0194,T-Shirt,Fashion,East,Patna,1,21.46,0.0,Debit Card,Returned,21.46,0.0,21.46,15.4512,6.008800000000001,2025-04
ORD00155,2025-09-27,CUST0171,Office Chair,Furniture,West,Pune,1,138.52,0.15,UPI,Delivered,138.52,20.778000000000002,117.742,84.77424,32.96776,2025-09
ORD00156,2025-04-19,CUST0197,Smart Watch,Electronics,East,Kolkata,3,106.29,0.0,UPI,Delivered,318.87,0.0,318.87,229.5864,89.2836,2025-04
ORD00157,2025-03-31,CUST0034,Notebook,Stationery,West,Pune,5,8.26,0.15,Net Banking,Returned,41.3,6.194999999999999,35.105,25.275599999999997,9.8294,2025-03
ORD00158,2025-07-23,CUST0221,Running Shoes,Fashion,North,Lucknow,1,74.23,0.1,UPI,Delivered,74.23,7.423000000000001,66.807,48.10104,18.705960000000005,2025-07
ORD00159,2025-10-21,CUST0104,Desk Lamp,Home,West,Ahmedabad,4,27.06,0.1,UPI,Delivered,108.24,10.824,97.416,70.13951999999999,27.276480000000006,2025-10
ORD00160,2025-12-20,CUST0236,Headphones,Electronics,West,Pune,1,64.34,0.0,Credit Card,Delivered,64.34,0.0,64.34,46.3248,18.0152,2025-12
ORD00161,2025-09-26,CUST0021,Desk Lamp,Home,West,Pune,3,29.1,0.0,Debit Card,Delivered,87.30000000000001,0.0,87.30000000000001,62.85600000000001,24.444000000000003,2025-09
ORD00162,2025-09-29,CUST0131,Smartphone,Electronics,North,Delhi,3,409.99,0.0,Credit Card,Delivered,1229.97,0.0,1229.97,885.5784,344.39160000000004,2025-09
ORD00163,2025-04-12,CUST0045,Headphones,Electronics,East,Patna,2,67.71,0.0,Credit Card,Returned,135.42,0.0,135.42,97.5024,37.91759999999999,2025-04
ORD00164,2025-10-16,CUST0195,Jeans,Fashion,West,Ahmedabad,4,49.39,0.15,Net Banking,Delivered,197.56,29.634,167.926,120.90671999999999,47.019279999999995,2025-10
ORD00165,2025-03-19,CUST0113,Office Chair,Furniture,East,Kolkata,4,143.66,0.05,Debit Card,Cancelled,574.64,28.732,545.908,393.05376,152.85424,2025-03
ORD00166,2025-09-17,CUST0019,Laptop,Electronics,East,Bhubaneswar,4,645.0,0.0,Debit Card,Delivered,2580.0,0.0,2580.0,1857.6,722.4000000000001,2025-09
ORD00167,2025-11-11,CUST0153,Smartphone,Electronics,North,Lucknow,4,417.49,0.15,UPI,Delivered,1669.96,250.494,1419.4660000000001,1022.01552,397.4504800000001,2025-11
ORD00168,2025-06-14,CUST0155,Desk Lamp,Home,South,Chennai,5,26.44,0.0,Cash on Delivery,Delivered,132.20000000000002,0.0,132.20000000000002,95.18400000000001,37.016000000000005,2025-06
ORD00169,2025-09-16,CUST0166,Running Shoes,Fashion,North,Delhi,1,71.97,0.1,Cash on Delivery,Cancelled,71.97,7.197,64.773,46.636559999999996,18.13644,2025-09
ORD00170,2025-07-06,CUST0096,Coffee Maker,Home,South,Chennai,4,88.69,0.05,Net Banking,Delivered,354.76,17.738,337.022,242.65583999999998,94.36616000000001,2025-07
ORD00171,2025-02-03,CUST0085,Office Chair,Furniture,East,Kolkata,5,149.14,0.05,Debit Card,Returned,745.6999999999999,37.285,708.415,510.05879999999996,198.3562,2025-02
ORD00172,2025-06-20,CUST0021,Office Chair,Furniture,South,Hyderabad,2,154.67,0.05,Cash on Delivery,Delivered,309.34,15.466999999999999,293.873,211.58855999999997,82.28444000000002,2025-06
ORD00173,2025-06-08,CUST0144,Desk Lamp,Home,North,Jaipur,3,29.4,0.15,UPI,Returned,88.19999999999999,13.229999999999999,74.96999999999998,53.978399999999986,20.9916,2025-06
ORD00174,2025-09-18,CUST0093,Office Chair,Furniture,West,Mumbai,3,140.57,0.0,Debit Card,Delivered,421.71,0.0,421.71,303.6312,118.0788,2025-09
ORD00175,2025-03-12,CUST0040,Smart Watch,Electronics,South,Bengaluru,3,116.06,0.0,Net Banking,Cancelled,348.18,0.0,348.18,250.68959999999998,97.49040000000002,2025-03
ORD00176,2025-12-05,CUST0087,Notebook,Stationery,North,Lucknow,2,8.12,0.0,Credit Card,Delivered,16.24,0.0,16.24,11.692799999999998,4.5472,2025-12
ORD00177,2025-08-13,CUST0012,Notebook,Stationery,South,Chennai,3,8.23,0.0,Cash on Delivery,Cancelled,24.69,0.0,24.69,17.7768,6.9132,2025-08
ORD00178,2025-04-30,CUST0137,Backpack,Accessories,West,Mumbai,3,48.35,0.1,Credit Card,Delivered,145.05,14.505000000000003,130.54500000000002,93.9924,36.55260000000001,2025-04
ORD00179,2025-08-25,CUST0197,Office Chair,Furniture,West,Pune,4,145.07,0.1,Credit Card,Delivered,580.28,58.028,522.252,376.0214399999999,146.23056000000003,2025-08
ORD00180,2025-05-09,CUST0014,Desk Lamp,Home,South,Hyderabad,4,29.68,0.15,UPI,Returned,118.72,17.808,100.912,72.65664,28.25536000000001,2025-05
ORD00181,2025-05-26,CUST0022,Coffee Maker,Home,North,Delhi,3,89.27,0.15,Credit Card,Delivered,267.81,40.1715,227.6385,163.89972,63.73877999999999,2025-05
ORD00182,2025-08-19,CUST0227,Smartphone,Electronics,South,Chennai,1,414.28,0.1,Net Banking,Delivered,414.28,41.428,372.852,268.45344,104.39855999999997,2025-08
ORD00183,2025-02-11,CUST0096,Smart Watch,Electronics,West,Mumbai,1,106.81,0.0,Debit Card,Delivered,106.81,0.0,106.81,76.9032,29.906800000000004,2025-02
ORD00184,2025-05-27,CUST0235,Headphones,Electronics,North,Jaipur,2,67.69,0.1,Cash on Delivery,Cancelled,135.38,13.538,121.842,87.72623999999999,34.11576000000001,2025-05
ORD00185,2025-01-10,CUST0066,Laptop,Electronics,North,Delhi,2,655.08,0.15,Net Banking,Delivered,1310.16,196.524,1113.636,801.81792,311.81808,2025-01
ORD00186,2025-05-02,CUST0078,Smartphone,Electronics,East,Kolkata,1,402.42,0.15,Cash on Delivery,Delivered,402.42,60.363,342.057,246.28104,95.77596000000003,2025-05
ORD00187,2025-11-02,CUST0138,Smartphone,Electronics,West,Mumbai,5,425.04,0.0,Debit Card,Delivered,2125.2000000000003,0.0,2125.2000000000003,1530.1440000000002,595.056,2025-11
ORD00188,2025-05-04,CUST0147,Laptop,Electronics,East,Bhubaneswar,2,667.09,0.0,Net Banking,Delivered,1334.18,0.0,1334.18,960.6096,373.57040000000006,2025-05
ORD00189,2025-07-19,CUST0224,Smartphone,Electronics,North,Jaipur,1,429.12,0.05,Debit Card,Returned,429.12,21.456000000000003,407.664,293.51808,114.14591999999999,2025-07
ORD00190,2025-02-04,CUST0089,Laptop,Electronics,East,Kolkata,1,678.24,0.05,Credit Card,Delivered,678.24,33.912,644.328,463.91616,180.41183999999998,2025-02
ORD00191,2025-11-26,CUST0045,Running Shoes,Fashion,East,Patna,4,80.77,0.1,Credit Card,Delivered,323.08,32.308,290.772,209.35583999999997,81.41616000000002,2025-11
ORD00192,2025-01-19,CUST0076,Smartphone,Electronics,West,Mumbai,1,439.56,0.0,Debit Card,Delivered,439.56,0.0,439.56,316.4832,123.07679999999999,2025-01
ORD00193,2025-10-06,CUST0122,Coffee Maker,Home,West,Pune,1,93.65,0.0,Debit Card,Delivered,93.65,0.0,93.65,67.428,26.22200000000001,2025-10
ORD00194,2025-05-20,CUST0032,Laptop,Electronics,East,Bhubaneswar,4,690.51,0.1,Cash on Delivery,Delivered,2762.04,276.204,2485.836,1789.8019199999999,696.0340799999999,2025-05
ORD00195,2025-12-21,CUST0128,Headphones,Electronics,West,Pune,5,62.57,0.0,Cash on Delivery,Delivered,312.85,0.0,312.85,225.252,87.59800000000001,2025-12
ORD00196,2025-10-07,CUST0076,T-Shirt,Fashion,South,Chennai,1,20.52,0.05,Debit Card,Delivered,20.52,1.026,19.494,14.03568,5.4583200000000005,2025-10
ORD00197,2025-03-27,CUST0177,Desk Lamp,Home,West,Pune,3,27.76,0.05,Net Banking,Delivered,83.28,4.164000000000001,79.116,56.963519999999995,22.152480000000004,2025-03
ORD00198,2025-02-08,CUST0172,Backpack,Accessories,North,Lucknow,4,44.02,0.0,UPI,Delivered,176.08,0.0,176.08,126.7776,49.302400000000006,2025-02
ORD00199,2025-01-18,CUST0033,Desk Lamp,Home,West,Mumbai,2,29.25,0.05,Debit Card,Delivered,58.5,2.9250000000000003,55.575,40.014,15.561,2025-01
ORD00200,2025-11-06,CUST0040,Desk Lamp,Home,North,Lucknow,4,30.01,0.05,Cash on Delivery,Delivered,120.04,6.002000000000001,114.03800000000001,82.10736,31.93064000000001,2025-11
ORD00201,2025-09-29,CUST0094,Desk Lamp,Home,South,Chennai,3,28.67,0.0,UPI,Delivered,86.01,0.0,86.01,61.9272,24.082800000000006,2025-09
ORD00202,2025-09-13,CUST0133,Notebook,Stationery,South,Chennai,5,7.51,0.05,Cash on Delivery,Delivered,37.55,1.8775,35.6725,25.684199999999997,9.988300000000002,2025-09
ORD00203,2025-12-22,CUST0235,Desk Lamp,Home,East,Bhubaneswar,2,26.31,0.0,Cash on Delivery,Delivered,52.62,0.0,52.62,37.886399999999995,14.733600000000003,2025-12
ORD00204,2025-02-14,CUST0208,Notebook,Stationery,West,Ahmedabad,3,8.21,0.0,Net Banking,Cancelled,24.630000000000003,0.0,24.630000000000003,17.733600000000003,6.8964,2025-02
ORD00205,2025-03-22,CUST0183,Backpack,Accessories,East,Patna,2,47.11,0.15,Credit Card,Delivered,94.22,14.133,80.087,57.66264,22.42436,2025-03
ORD00206,2025-05-02,CUST0203,Smart Watch,Electronics,South,Chennai,1,107.55,0.15,Debit Card,Delivered,107.55,16.1325,91.41749999999999,65.82059999999998,25.596900000000005,2025-05
ORD00207,2025-11-10,CUST0227,Coffee Maker,Home,South,Bengaluru,1,87.25,0.1,Net Banking,Delivered,87.25,8.725,78.525,56.538000000000004,21.987000000000002,2025-11
ORD00208,2025-03-06,CUST0249,T-Shirt,Fashion,North,Jaipur,1,21.82,0.15,Debit Card,Delivered,21.82,3.273,18.547,13.35384,5.193160000000001,2025-03
ORD00209,2025-03-08,CUST0111,Coffee Maker,Home,South,Hyderabad,1,94.77,0.15,Credit Card,Delivered,94.77,14.215499999999999,80.55449999999999,57.99923999999999,22.555259999999997,2025-03
ORD00210,2025-06-15,CUST0240,Headphones,Electronics,South,Hyderabad,2,63.4,0.15,Debit Card,Delivered,126.8,19.02,107.78,77.6016,30.178399999999996,2025-06
ORD00211,2025-11-22,CUST0245,Backpack,Accessories,South,Hyderabad,3,42.3,0.05,Net Banking,Cancelled,126.89999999999999,6.345,120.55499999999999,86.7996,33.755399999999995,2025-11
ORD00212,2025-10-31,CUST0242,Smartphone,Electronics,South,Hyderabad,2,397.9,0.15,Net Banking,Delivered,795.8,119.36999999999999,676.43,487.02959999999996,189.4004,2025-10
ORD00213,2025-01-15,CUST0021,Desk Lamp,Home,North,Delhi,5,26.95,0.0,Net Banking,Delivered,134.75,0.0,134.75,97.02,37.730000000000004,2025-01
ORD00214,2025-09-12,CUST0228,Desk Lamp,Home,North,Lucknow,5,27.06,0.05,Cash on Delivery,Delivered,135.29999999999998,6.765,128.535,92.5452,35.9898,2025-09
ORD00215,2025-06-02,CUST0117,Office Chair,Furniture,West,Mumbai,1,137.07,0.1,Cash on Delivery,Delivered,137.07,13.707,123.363,88.82136,34.54164,2025-06
ORD00216,2025-11-07,CUST0037,Smart Watch,Electronics,East,Bhubaneswar,3,114.12,0.05,Cash on Delivery,Delivered,342.36,17.118000000000002,325.242,234.17424,91.06776000000002,2025-11
ORD00217,2025-06-13,CUST0062,Running Shoes,Fashion,North,Jaipur,1,72.21,0.0,Credit Card,Delivered,72.21,0.0,72.21,51.99119999999999,20.2188,2025-06
ORD00218,2025-07-16,CUST0222,Laptop,Electronics,East,Patna,4,623.82,0.0,Debit Card,Cancelled,2495.28,0.0,2495.28,1796.6016000000002,698.6784,2025-07
ORD00219,2025-04-08,CUST0196,Notebook,Stationery,East,Kolkata,4,8.63,0.1,Cash on Delivery,Delivered,34.52,3.4520000000000004,31.068,22.36896,8.69904,2025-04
ORD00220,2025-02-16,CUST0242,Jeans,Fashion,North,Jaipur,5,47.67,0.0,Credit Card,Cancelled,238.35000000000002,0.0,238.35000000000002,171.61200000000002,66.738,2025-02
ORD00221,2025-01-26,CUST0073,Running Shoes,Fashion,North,Jaipur,5,79.59,0.1,Debit Card,Cancelled,397.95000000000005,39.79500000000001,358.15500000000003,257.8716,100.28340000000003,2025-01
ORD00222,2025-08-09,CUST0035,Laptop,Electronics,North,Jaipur,3,677.44,0.05,UPI,Delivered,2032.3200000000002,101.61600000000001,1930.7040000000002,1390.10688,540.5971200000001,2025-08
ORD00223,2025-07-05,CUST0142,Laptop,Electronics,South,Chennai,1,638.18,0.1,Net Banking,Delivered,638.18,63.818,574.362,413.54063999999994,160.82136000000003,2025-07
ORD00224,2025-03-07,CUST0250,Desk Lamp,Home,North,Delhi,4,27.43,0.05,Net Banking,Delivered,109.72,5.486000000000001,104.234,75.04848,29.185519999999997,2025-03
ORD00225,2025-11-05,CUST0131,Headphones,Electronics,South,Chennai,5,60.22,0.0,Credit Card,Returned,301.1,0.0,301.1,216.792,84.30800000000002,2025-11
ORD00226,2025-09-23,CUST0117,Running Shoes,Fashion,West,Mumbai,5,79.72,0.0,Debit Card,Cancelled,398.6,0.0,398.6,286.992,111.608,2025-09
ORD00227,2025-07-21,CUST0158,Running Shoes,Fashion,South,Hyderabad,3,76.12,0.15,Net Banking,Cancelled,228.36,34.254,194.10600000000002,139.75632000000002,54.349680000000006,2025-07
ORD00228,2025-09-01,CUST0209,Jeans,Fashion,East,Kolkata,3,46.7,0.0,Cash on Delivery,Cancelled,140.10000000000002,0.0,140.10000000000002,100.87200000000001,39.22800000000001,2025-09
ORD00229,2025-11-02,CUST0122,Backpack,Accessories,North,Jaipur,5,45.56,0.0,Net Banking,Delivered,227.8,0.0,227.8,164.016,63.78400000000002,2025-11
ORD00230,2025-03-17,CUST0211,Headphones,Electronics,West,Ahmedabad,2,60.13,0.0,Credit Card,Delivered,120.26,0.0,120.26,86.5872,33.67280000000001,2025-03
ORD00231,2025-08-03,CUST0039,Jeans,Fashion,East,Bhubaneswar,2,47.31,0.15,Cash on Delivery,Returned,94.62,14.193,80.427,57.90744,22.519560000000006,2025-08
ORD00232,2025-12-28,CUST0036,Notebook,Stationery,North,Lucknow,2,8.08,0.1,Net Banking,Delivered,16.16,1.616,14.544,10.47168,4.072320000000001,2025-12
ORD00233,2025-08-24,CUST0234,Running Shoes,Fashion,South,Hyderabad,3,75.56,0.05,Net Banking,Delivered,226.68,11.334000000000001,215.346,155.04912,60.296880000000016,2025-08
ORD00234,2025-05-23,CUST0143,Smart Watch,Electronics,South,Chennai,2,117.77,0.05,Debit Card,Returned,235.54,11.777000000000001,223.76299999999998,161.10935999999998,62.653639999999996,2025-05
ORD00235,2025-06-12,CUST0123,Smart Watch,Electronics,West,Pune,5,117.63,0.05,Debit Card,Delivered,588.15,29.4075,558.7425,402.29459999999995,156.4479,2025-06
ORD00236,2025-07-22,CUST0210,Desk Lamp,Home,West,Pune,2,27.06,0.05,UPI,Delivered,54.12,2.706,51.413999999999994,37.01808,14.395919999999997,2025-07
ORD00237,2025-09-03,CUST0055,Jeans,Fashion,East,Kolkata,5,46.24,0.15,Debit Card,Delivered,231.20000000000002,34.68,196.52,141.4944,55.0256,2025-09
ORD00238,2025-05-05,CUST0013,Smartphone,Electronics,South,Hyderabad,5,401.57,0.0,UPI,Delivered,2007.85,0.0,2007.85,1445.6519999999998,562.1980000000001,2025-05
ORD00239,2025-08-30,CUST0026,T-Shirt,Fashion,East,Patna,2,20.26,0.15,Credit Card,Delivered,40.52,6.078,34.442,24.79824,9.64376,2025-08
ORD00240,2025-09-02,CUST0167,Office Chair,Furniture,West,Mumbai,3,140.85,0.0,UPI,Returned,422.54999999999995,0.0,422.54999999999995,304.23599999999993,118.31400000000002,2025-09
ORD00241,2025-10-01,CUST0190,Desk Lamp,Home,South,Hyderabad,1,29.85,0.0,Cash on Delivery,Delivered,29.85,0.0,29.85,21.492,8.358,2025-10
ORD00242,2025-09-11,CUST0048,Laptop,Electronics,West,Ahmedabad,3,689.18,0.0,Debit Card,Cancelled,2067.54,0.0,2067.54,1488.6288,578.9112,2025-09
ORD00243,2025-06-21,CUST0073,Desk Lamp,Home,North,Jaipur,5,28.11,0.0,Net Banking,Delivered,140.55,0.0,140.55,101.196,39.35400000000001,2025-06
ORD00244,2025-02-27,CUST0085,Backpack,Accessories,South,Bengaluru,4,46.07,0.0,UPI,Returned,184.28,0.0,184.28,132.6816,51.5984,2025-02
ORD00245,2025-10-18,CUST0173,Running Shoes,Fashion,East,Kolkata,2,76.33,0.1,Cash on Delivery,Cancelled,152.66,15.266,137.394,98.92368,38.47032,2025-10
ORD00246,2025-07-25,CUST0172,Running Shoes,Fashion,North,Delhi,2,80.78,0.1,Debit Card,Delivered,161.56,16.156000000000002,145.404,104.69087999999999,40.71312,2025-07
ORD00247,2025-07-16,CUST0061,Laptop,Electronics,East,Bhubaneswar,3,697.22,0.05,Net Banking,Returned,2091.66,104.583,1987.0769999999998,1430.6954399999997,556.38156,2025-07
ORD00248,2025-05-14,CUST0168,Desk Lamp,Home,North,Jaipur,2,26.04,0.0,Cash on Delivery,Delivered,52.08,0.0,52.08,37.4976,14.5824,2025-05
ORD00249,2025-12-18,CUST0129,Headphones,Electronics,West,Ahmedabad,3,66.98,0.05,Debit Card,Cancelled,200.94,10.047,190.893,137.44296,53.45004,2025-12
ORD00250,2025-03-10,CUST0123,Smart Watch,Electronics,South,Bengaluru,4,114.36,0.15,Debit Card,Delivered,457.44,68.616,388.824,279.95328,108.87072,2025-03
ORD00251,2025-10-03,CUST0206,Notebook,Stationery,West,Ahmedabad,2,8.34,0.15,UPI,Cancelled,16.68,2.502,14.178,10.20816,3.9698400000000014,2025-10
ORD00252,2025-02-09,CUST0235,Jeans,Fashion,East,Patna,1,44.63,0.15,Net Banking,Delivered,44.63,6.694500000000001,37.935500000000005,27.313560000000003,10.621940000000002,2025-02
ORD00253,2025-03-26,CUST0084,Desk Lamp,Home,South,Hyderabad,4,26.28,0.0,Net Banking,Delivered,105.12,0.0,105.12,75.6864,29.4336,2025-03
ORD00254,2025-01-29,CUST0117,Smartphone,Electronics,West,Mumbai,5,414.32,0.15,UPI,Cancelled,2071.6,310.73999999999995,1760.86,1267.8192,493.0408,2025-01
ORD00255,2025-01-12,CUST0102,Jeans,Fashion,East,Bhubaneswar,1,49.89,0.15,UPI,Delivered,49.89,7.483499999999999,42.4065,30.53268,11.873820000000002,2025-01
ORD00256,2025-12-25,CUST0017,T-Shirt,Fashion,East,Patna,1,23.53,0.0,Cash on Delivery,Delivered,23.53,0.0,23.53,16.9416,6.5884,2025-12
ORD00257,2025-04-03,CUST0197,Backpack,Accessories,West,Mumbai,4,44.1,0.1,Cash on Delivery,Delivered,176.4,17.64,158.76,114.3072,44.452799999999996,2025-04
ORD00258,2025-12-16,CUST0247,T-Shirt,Fashion,North,Lucknow,5,20.71,0.05,UPI,Delivered,103.55000000000001,5.177500000000001,98.37250000000002,70.82820000000001,27.544300000000007,2025-12
ORD00259,2025-09-28,CUST0033,Coffee Maker,Home,West,Ahmedabad,2,94.82,0.0,Debit Card,Delivered,189.64,0.0,189.64,136.5408,53.099199999999996,2025-09
ORD00260,2025-09-30,CUST0098,Office Chair,Furniture,West,Mumbai,2,144.09,0.0,Debit Card,Delivered,288.18,0.0,288.18,207.4896,80.69040000000001,2025-09
ORD00261,2025-01-17,CUST0208,Notebook,Stationery,North,Lucknow,4,8.15,0.0,Credit Card,Delivered,32.6,0.0,32.6,23.472,9.128,2025-01
ORD00262,2025-11-01,CUST0009,Smartphone,Electronics,North,Jaipur,5,431.56,0.0,Credit Card,Returned,2157.8,0.0,2157.8,1553.616,604.1840000000002,2025-11
ORD00263,2025-08-13,CUST0060,Laptop,Electronics,West,Ahmedabad,2,676.46,0.0,Credit Card,Cancelled,1352.92,0.0,1352.92,974.1024,378.8176000000001,2025-08
ORD00264,2025-10-22,CUST0082,Backpack,Accessories,South,Hyderabad,5,46.96,0.05,Credit Card,Delivered,234.8,11.740000000000002,223.06,160.6032,62.456800000000015,2025-10
ORD00265,2025-07-31,CUST0077,Headphones,Electronics,South,Chennai,1,65.59,0.15,Credit Card,Returned,65.59,9.8385,55.75150000000001,40.14108,15.610420000000005,2025-07
ORD00266,2025-10-12,CUST0127,Office Chair,Furniture,West,Mumbai,3,155.24,0.1,Net Banking,Delivered,465.72,46.572,419.148,301.78656,117.36144000000002,2025-10
ORD00267,2025-07-29,CUST0039,Notebook,Stationery,West,Pune,4,7.6,0.15,Cash on Delivery,Delivered,30.4,4.56,25.84,18.6048,7.235199999999999,2025-07
ORD00268,2025-12-29,CUST0037,Smart Watch,Electronics,East,Bhubaneswar,1,111.1,0.1,Net Banking,Cancelled,111.1,11.11,99.99,71.99279999999999,27.997200000000007,2025-12
ORD00269,2025-05-05,CUST0066,Headphones,Electronics,West,Mumbai,3,66.53,0.1,Debit Card,Delivered,199.59,19.959000000000003,179.631,129.33432,50.29668000000001,2025-05
ORD00270,2025-01-27,CUST0069,Coffee Maker,Home,South,Chennai,5,91.48,0.0,Credit Card,Cancelled,457.40000000000003,0.0,457.40000000000003,329.32800000000003,128.072,2025-01
ORD00271,2025-09-03,CUST0054,Notebook,Stationery,South,Chennai,3,8.58,0.0,Credit Card,Delivered,25.740000000000002,0.0,25.740000000000002,18.5328,7.2072,2025-09
ORD00272,2025-09-03,CUST0235,Notebook,Stationery,North,Delhi,5,8.26,0.1,Credit Card,Cancelled,41.3,4.13,37.169999999999995,26.762399999999996,10.407599999999999,2025-09
ORD00273,2025-07-14,CUST0120,Running Shoes,Fashion,East,Patna,3,72.7,0.05,Net Banking,Delivered,218.10000000000002,10.905000000000001,207.19500000000002,149.18040000000002,58.0146,2025-07
ORD00274,2025-08-29,CUST0195,Jeans,Fashion,North,Jaipur,2,47.01,0.1,UPI,Cancelled,94.02,9.402,84.618,60.92495999999999,23.693040000000003,2025-08
ORD00275,2025-01-09,CUST0067,Smart Watch,Electronics,South,Hyderabad,5,111.39,0.1,Debit Card,Delivered,556.95,55.69500000000001,501.25500000000005,360.90360000000004,140.3514,2025-01
ORD00276,2025-04-28,CUST0098,Smart Watch,Electronics,East,Patna,2,109.99,0.05,Debit Card,Delivered,219.98,10.999,208.981,150.46632,58.51468,2025-04
ORD00277,2025-08-24,CUST0044,Notebook,Stationery,West,Ahmedabad,3,7.58,0.15,Cash on Delivery,Delivered,22.740000000000002,3.411,19.329,13.91688,5.41212,2025-08
ORD00278,2025-09-26,CUST0009,Coffee Maker,Home,North,Delhi,1,93.81,0.1,Credit Card,Returned,93.81,9.381,84.429,60.78888,23.640120000000003,2025-09
ORD00279,2025-12-29,CUST0039,Smart Watch,Electronics,North,Delhi,2,110.1,0.05,UPI,Cancelled,220.2,11.01,209.19,150.61679999999998,58.573200000000014,2025-12
ORD00280,2025-12-04,CUST0125,Office Chair,Furniture,West,Mumbai,1,145.75,0.1,UPI,Delivered,145.75,14.575000000000001,131.175,94.446,36.72900000000001,2025-12
ORD00281,2025-10-02,CUST0074,Coffee Maker,Home,East,Kolkata,5,94.51,0.1,Credit Card,Delivered,472.55,47.255,425.295,306.2124,119.08260000000001,2025-10
ORD00282,2025-05-04,CUST0050,Smartphone,Electronics,South,Hyderabad,5,403.36,0.05,Debit Card,Delivered,2016.8000000000002,100.84000000000002,1915.9600000000003,1379.4912000000002,536.4688000000001,2025-05
ORD00283,2025-07-27,CUST0118,Smartphone,Electronics,East,Patna,2,452.94,0.0,Debit Card,Returned,905.88,0.0,905.88,652.2336,253.64639999999997,2025-07
ORD00284,2025-02-17,CUST0104,Smartphone,Electronics,North,Jaipur,4,423.54,0.0,UPI,Returned,1694.16,0.0,1694.16,1219.7952,474.36480000000006,2025-02
ORD00285,2025-09-13,CUST0217,Headphones,Electronics,North,Jaipur,3,65.68,0.0,Net Banking,Delivered,197.04000000000002,0.0,197.04000000000002,141.86880000000002,55.1712,2025-09
ORD00286,2025-12-21,CUST0228,Smart Watch,Electronics,South,Hyderabad,4,105.97,0.0,Debit Card,Cancelled,423.88,0.0,423.88,305.1936,118.68639999999999,2025-12
ORD00287,2025-04-02,CUST0238,Desk Lamp,Home,North,Jaipur,1,30.07,0.15,Credit Card,Returned,30.07,4.5104999999999995,25.5595,18.402839999999998,7.156660000000002,2025-04
ORD00288,2025-06-03,CUST0042,T-Shirt,Fashion,North,Lucknow,2,22.23,0.1,Net Banking,Delivered,44.46,4.446000000000001,40.014,28.81008,11.203920000000004,2025-06
ORD00289,2025-12-19,CUST0186,T-Shirt,Fashion,South,Bengaluru,5,22.86,0.05,UPI,Delivered,114.3,5.715,108.585,78.18119999999999,30.403800000000004,2025-12
ORD00290,2025-02-08,CUST0088,T-Shirt,Fashion,South,Hyderabad,5,23.6,0.1,Debit Card,Delivered,118.0,11.8,106.2,76.464,29.736000000000004,2025-02
ORD00291,2025-08-19,CUST0126,Office Chair,Furniture,East,Kolkata,3,146.23,0.1,Cash on Delivery,Delivered,438.68999999999994,43.869,394.8209999999999,284.27111999999994,110.54987999999997,2025-08
ORD00292,2025-02-13,CUST0198,Office Chair,Furniture,West,Ahmedabad,3,151.91,0.0,UPI,Delivered,455.73,0.0,455.73,328.1256,127.6044,2025-02
ORD00293,2025-12-31,CUST0201,Headphones,Electronics,West,Ahmedabad,2,67.49,0.05,Debit Card,Delivered,134.98,6.749,128.231,92.32632,35.90468,2025-12
ORD00294,2025-06-07,CUST0114,Smartphone,Electronics,North,Jaipur,3,393.27,0.0,Credit Card,Delivered,1179.81,0.0,1179.81,849.4631999999999,330.34680000000003,2025-06
ORD00295,2025-02-22,CUST0007,Jeans,Fashion,West,Mumbai,3,48.42,0.15,Net Banking,Delivered,145.26,21.788999999999998,123.47099999999999,88.89911999999998,34.57188000000001,2025-02
ORD00296,2025-05-30,CUST0106,T-Shirt,Fashion,North,Jaipur,1,22.79,0.15,Credit Card,Cancelled,22.79,3.4185,19.371499999999997,13.947479999999997,5.4240200000000005,2025-05
ORD00297,2025-12-17,CUST0098,Coffee Maker,Home,South,Bengaluru,2,86.67,0.05,Cash on Delivery,Delivered,173.34,8.667,164.673,118.56456,46.10844,2025-12
ORD00298,2025-08-11,CUST0071,Smartphone,Electronics,South,Chennai,3,418.94,0.0,Debit Card,Delivered,1256.82,0.0,1256.82,904.9103999999999,351.90960000000007,2025-08
ORD00299,2025-11-01,CUST0158,Smart Watch,Electronics,West,Mumbai,4,103.08,0.05,UPI,Delivered,412.32,20.616,391.704,282.02688,109.67712,2025-11
ORD00300,2025-06-18,CUST0113,Running Shoes,Fashion,West,Pune,4,78.79,0.15,Credit Card,Delivered,315.16,47.274,267.886,192.87792000000002,75.00808,2025-06
ORD00301,2025-09-03,CUST0081,Running Shoes,Fashion,South,Bengaluru,4,80.62,0.05,Cash on Delivery,Cancelled,322.48,16.124000000000002,306.356,220.57631999999998,85.77968000000001,2025-09
ORD00302,2025-07-12,CUST0072,Smart Watch,Electronics,East,Bhubaneswar,3,103.2,0.15,Credit Card,Cancelled,309.6,46.440000000000005,263.16,189.4752,73.68480000000002,2025-07
ORD00303,2025-12-16,CUST0197,Coffee Maker,Home,South,Hyderabad,1,96.52,0.1,Credit Card,Delivered,96.52,9.652000000000001,86.868,62.544959999999996,24.32304,2025-12
ORD00304,2025-07-29,CUST0173,Backpack,Accessories,North,Jaipur,2,45.96,0.0,Debit Card,Returned,91.92,0.0,91.92,66.1824,25.7376,2025-07
ORD00305,2025-07-13,CUST0019,Headphones,Electronics,West,Pune,5,64.78,0.1,Net Banking,Cancelled,323.9,32.39,291.51,209.88719999999998,81.62280000000001,2025-07
ORD00306,2025-10-06,CUST0010,Notebook,Stationery,West,Pune,5,8.12,0.0,UPI,Delivered,40.599999999999994,0.0,40.599999999999994,29.231999999999996,11.367999999999999,2025-10
ORD00307,2025-03-27,CUST0166,Office Chair,Furniture,East,Patna,1,146.47,0.1,Debit Card,Delivered,146.47,14.647,131.823,94.91256,36.91044000000001,2025-03
ORD00308,2025-02-20,CUST0067,Smartphone,Electronics,North,Delhi,5,436.59,0.15,Net Banking,Returned,2182.95,327.44249999999994,1855.5075,1335.9653999999998,519.5421000000001,2025-02
ORD00309,2025-08-17,CUST0096,Desk Lamp,Home,South,Chennai,4,29.22,0.15,Net Banking,Delivered,116.88,17.532,99.348,71.53056,27.817440000000005,2025-08
ORD00310,2025-09-05,CUST0027,Running Shoes,Fashion,North,Jaipur,4,80.05,0.0,UPI,Returned,320.2,0.0,320.2,230.54399999999998,89.656,2025-09
ORD00311,2025-06-09,CUST0088,Headphones,Electronics,East,Bhubaneswar,2,65.22,0.05,Cash on Delivery,Delivered,130.44,6.522,123.91799999999999,89.22095999999999,34.69704,2025-06
ORD00312,2025-06-13,CUST0018,Jeans,Fashion,West,Pune,1,50.38,0.0,UPI,Delivered,50.38,0.0,50.38,36.2736,14.1064,2025-06
ORD00313,2025-12-13,CUST0205,Office Chair,Furniture,North,Delhi,2,145.37,0.15,Credit Card,Delivered,290.74,43.611,247.12900000000002,177.93288,69.19612000000001,2025-12
ORD00314,2025-08-25,CUST0060,Coffee Maker,Home,West,Pune,2,85.48,0.1,Cash on Delivery,Delivered,170.96,17.096,153.864,110.78208,43.08192000000001,2025-08
ORD00315,2025-08-19,CUST0152,Notebook,Stationery,South,Chennai,4,7.37,0.0,Credit Card,Delivered,29.48,0.0,29.48,21.2256,8.2544,2025-08
ORD00316,2025-10-23,CUST0027,Notebook,Stationery,North,Lucknow,2,7.83,0.0,Cash on Delivery,Delivered,15.66,0.0,15.66,11.2752,4.3848,2025-10
ORD00317,2025-09-28,CUST0248,Backpack,Accessories,West,Ahmedabad,3,45.7,0.15,Cash on Delivery,Cancelled,137.10000000000002,20.565,116.53500000000003,83.90520000000002,32.6298,2025-09
ORD00318,2025-06-30,CUST0217,Smartphone,Electronics,East,Bhubaneswar,5,397.99,0.05,Net Banking,Cancelled,1989.95,99.4975,1890.4525,1361.1258,529.3267000000001,2025-06
ORD00319,2025-06-10,CUST0031,Smartphone,Electronics,South,Bengaluru,3,394.26,0.05,Credit Card,Cancelled,1182.78,59.139,1123.641,809.02152,314.61948000000007,2025-06
ORD00320,2025-11-02,CUST0036,T-Shirt,Fashion,West,Ahmedabad,4,21.73,0.1,Net Banking,Returned,86.92,8.692,78.22800000000001,56.324160000000006,21.903840000000002,2025-11
ORD00321,2025-10-12,CUST0043,Office Chair,Furniture,South,Chennai,3,136.65,0.05,Cash on Delivery,Cancelled,409.95000000000005,20.497500000000002,389.45250000000004,280.4058,109.04670000000004,2025-10
ORD00322,2025-01-05,CUST0125,Laptop,Electronics,East,Kolkata,2,682.78,0.15,Net Banking,Returned,1365.56,204.83399999999997,1160.7259999999999,835.7227199999999,325.00328,2025-01
ORD00323,2025-12-17,CUST0126,Jeans,Fashion,West,Pune,4,47.91,0.0,Net Banking,Delivered,191.64,0.0,191.64,137.9808,53.6592,2025-12
ORD00324,2025-01-17,CUST0071,Smart Watch,Electronics,East,Kolkata,5,106.28,0.1,Net Banking,Returned,531.4,53.14,478.26,344.3472,133.9128,2025-01
ORD00325,2025-10-21,CUST0030,Jeans,Fashion,North,Jaipur,5,50.48,0.05,Net Banking,Delivered,252.39999999999998,12.62,239.77999999999997,172.64159999999998,67.13839999999999,2025-10
ORD00326,2025-10-07,CUST0056,Notebook,Stationery,West,Pune,1,8.3,0.0,Debit Card,Delivered,8.3,0.0,8.3,5.976,2.3240000000000007,2025-10
ORD00327,2025-06-28,CUST0221,Jeans,Fashion,East,Kolkata,4,50.81,0.0,Credit Card,Delivered,203.24,0.0,203.24,146.3328,56.90720000000002,2025-06
ORD00328,2025-12-30,CUST0157,Notebook,Stationery,East,Patna,4,7.57,0.0,Credit Card,Delivered,30.28,0.0,30.28,21.8016,8.4784,2025-12
ORD00329,2025-09-30,CUST0072,Laptop,Electronics,East,Patna,5,615.51,0.05,Debit Card,Cancelled,3077.55,153.87750000000003,2923.6725,2105.0442,818.6283000000003,2025-09
ORD00330,2025-03-11,CUST0247,Backpack,Accessories,North,Jaipur,1,48.55,0.0,Credit Card,Delivered,48.55,0.0,48.55,34.955999999999996,13.594000000000001,2025-03
ORD00331,2025-05-07,CUST0195,Headphones,Electronics,East,Patna,4,64.89,0.15,Debit Card,Returned,259.56,38.934,220.626,158.85072,61.77528000000001,2025-05
ORD00332,2025-08-20,CUST0020,T-Shirt,Fashion,West,Ahmedabad,1,21.66,0.05,Debit Card,Delivered,21.66,1.083,20.577,14.81544,5.761560000000001,2025-08
ORD00333,2025-10-25,CUST0001,Jeans,Fashion,East,Patna,1,49.77,0.1,Debit Card,Delivered,49.77,4.977,44.793000000000006,32.250960000000006,12.54204,2025-10
ORD00334,2025-04-22,CUST0248,Coffee Maker,Home,West,Pune,2,89.92,0.05,Debit Card,Delivered,179.84,8.992,170.848,123.01056,47.837440000000015,2025-04
ORD00335,2025-10-17,CUST0219,Coffee Maker,Home,South,Chennai,3,95.68,0.0,UPI,Delivered,287.04,0.0,287.04,206.6688,80.37120000000002,2025-10
ORD00336,2025-01-09,CUST0032,Office Chair,Furniture,West,Mumbai,4,143.99,0.1,Credit Card,Returned,575.96,57.596000000000004,518.364,373.22208,145.14192000000003,2025-01
ORD00337,2025-03-23,CUST0224,Headphones,Electronics,East,Bhubaneswar,1,66.61,0.05,UPI,Delivered,66.61,3.3305000000000002,63.2795,45.56124,17.71826,2025-03
ORD00338,2025-01-27,CUST0102,Office Chair,Furniture,South,Hyderabad,3,150.24,0.0,Cash on Delivery,Returned,450.72,0.0,450.72,324.5184,126.20160000000004,2025-01
ORD00339,2025-01-01,CUST0055,Smartphone,Electronics,North,Jaipur,1,395.32,0.0,Net Banking,Returned,395.32,0.0,395.32,284.6304,110.68959999999998,2025-01
ORD00340,2025-01-05,CUST0179,Jeans,Fashion,North,Jaipur,1,51.75,0.1,Credit Card,Delivered,51.75,5.175000000000001,46.575,33.534,13.041000000000004,2025-01
ORD00341,2025-07-16,CUST0023,Smartphone,Electronics,South,Hyderabad,1,393.34,0.05,Debit Card,Delivered,393.34,19.667,373.673,269.04456,104.62844000000001,2025-07
ORD00342,2025-11-25,CUST0174,T-Shirt,Fashion,South,Bengaluru,1,22.11,0.0,Net Banking,Returned,22.11,0.0,22.11,15.919199999999998,6.190800000000001,2025-11
ORD00343,2025-06-29,CUST0185,Headphones,Electronics,West,Mumbai,2,69.37,0.15,Cash on Delivery,Delivered,138.74,20.811,117.929,84.90888,33.020120000000006,2025-06
ORD00344,2025-03-13,CUST0193,Smartphone,Electronics,North,Delhi,5,435.46,0.05,Cash on Delivery,Delivered,2177.2999999999997,108.865,2068.435,1489.2731999999999,579.1618000000001,2025-03
ORD00345,2025-05-22,CUST0166,Headphones,Electronics,South,Bengaluru,2,65.56,0.15,Net Banking,Delivered,131.12,19.668,111.452,80.24544,31.206559999999996,2025-05
ORD00346,2025-12-04,CUST0225,Notebook,Stationery,North,Jaipur,2,8.02,0.15,Credit Card,Returned,16.04,2.4059999999999997,13.634,9.81648,3.81752,2025-12
ORD00347,2025-11-27,CUST0014,T-Shirt,Fashion,East,Kolkata,4,21.6,0.0,Cash on Delivery,Returned,86.4,0.0,86.4,62.208,24.192000000000007,2025-11
ORD00348,2025-09-28,CUST0228,Desk Lamp,Home,North,Delhi,3,29.94,0.0,Cash on Delivery,Cancelled,89.82000000000001,0.0,89.82000000000001,64.6704,25.149600000000007,2025-09
ORD00349,2025-10-07,CUST0175,T-Shirt,Fashion,East,Kolkata,4,23.6,0.0,UPI,Cancelled,94.4,0.0,94.4,67.968,26.432000000000002,2025-10
ORD00350,2025-05-15,CUST0056,Smartphone,Electronics,North,Delhi,1,450.15,0.1,Net Banking,Delivered,450.15,45.015,405.135,291.6972,113.43779999999998,2025-05
ORD00351,2025-08-05,CUST0180,Office Chair,Furniture,West,Pune,1,148.26,0.15,Net Banking,Delivered,148.26,22.238999999999997,126.02099999999999,90.73511999999998,35.285880000000006,2025-08
ORD00352,2025-06-08,CUST0021,Backpack,Accessories,North,Lucknow,2,48.42,0.0,Net Banking,Delivered,96.84,0.0,96.84,69.7248,27.1152,2025-06
ORD00353,2025-06-08,CUST0179,T-Shirt,Fashion,North,Jaipur,2,20.44,0.0,Cash on Delivery,Delivered,40.88,0.0,40.88,29.433600000000002,11.4464,2025-06
ORD00354,2025-06-08,CUST0171,Jeans,Fashion,North,Lucknow,2,45.08,0.0,UPI,Delivered,90.16,0.0,90.16,64.9152,25.244799999999998,2025-06
ORD00355,2025-09-25,CUST0133,Jeans,Fashion,East,Patna,3,45.44,0.0,Debit Card,Returned,136.32,0.0,136.32,98.15039999999999,38.1696,2025-09
ORD00356,2025-06-21,CUST0207,Smartphone,Electronics,North,Jaipur,3,421.6,0.05,Net Banking,Returned,1264.8000000000002,63.24000000000001,1201.5600000000002,865.1232000000001,336.43680000000006,2025-06
ORD00357,2025-08-22,CUST0131,Smartphone,Electronics,West,Pune,1,419.97,0.15,Credit Card,Delivered,419.97,62.9955,356.97450000000003,257.02164,99.95286000000004,2025-08
ORD00358,2025-02-22,CUST0229,Headphones,Electronics,East,Patna,1,62.18,0.15,UPI,Delivered,62.18,9.327,52.853,38.05416,14.798839999999998,2025-02
ORD00359,2025-01-24,CUST0121,Laptop,Electronics,South,Chennai,4,693.7,0.0,UPI,Cancelled,2774.8,0.0,2774.8,1997.856,776.9440000000002,2025-01
ORD00360,2025-04-25,CUST0083,Notebook,Stationery,West,Mumbai,4,8.53,0.05,Debit Card,Delivered,34.12,1.706,32.413999999999994,23.338079999999994,9.07592,2025-04
ORD00361,2025-03-03,CUST0129,Desk Lamp,Home,East,Patna,1,26.56,0.15,UPI,Delivered,26.56,3.9839999999999995,22.576,16.25472,6.321280000000002,2025-03
ORD00362,2025-05-25,CUST0199,Smartphone,Electronics,West,Pune,3,392.21,0.1,UPI,Delivered,1176.6299999999999,117.663,1058.9669999999999,762.4562399999999,296.51076,2025-05
ORD00363,2025-10-16,CUST0201,Smart Watch,Electronics,East,Bhubaneswar,5,105.47,0.05,Net Banking,Delivered,527.35,26.367500000000003,500.9825,360.7074,140.2751,2025-10
ORD00364,2025-03-19,CUST0002,Smart Watch,Electronics,South,Chennai,1,105.3,0.05,UPI,Delivered,105.3,5.265000000000001,100.035,72.0252,28.0098,2025-03
ORD00365,2025-06-07,CUST0027,Laptop,Electronics,West,Mumbai,5,700.24,0.1,Cash on Delivery,Delivered,3501.2,350.12,3151.08,2268.7776,882.3024,2025-06
ORD00366,2025-02-17,CUST0012,Headphones,Electronics,East,Kolkata,5,64.1,0.05,Cash on Delivery,Returned,320.5,16.025000000000002,304.475,219.222,85.25300000000001,2025-02
ORD00367,2025-09-16,CUST0035,Smartphone,Electronics,North,Lucknow,4,391.43,0.15,UPI,Delivered,1565.72,234.858,1330.862,958.22064,372.6413600000001,2025-09
ORD00368,2025-05-02,CUST0075,Office Chair,Furniture,South,Chennai,3,154.88,0.1,Debit Card,Delivered,464.64,46.464,418.176,301.08671999999996,117.08928000000003,2025-05
ORD00369,2025-04-30,CUST0020,Jeans,Fashion,East,Kolkata,2,50.15,0.15,UPI,Delivered,100.3,15.044999999999998,85.255,61.383599999999994,23.8714,2025-04
ORD00370,2025-08-19,CUST0120,Smartphone,Electronics,South,Chennai,4,394.51,0.05,Credit Card,Delivered,1578.04,78.902,1499.138,1079.37936,419.75864,2025-08
ORD00371,2025-05-16,CUST0219,Backpack,Accessories,West,Mumbai,1,42.53,0.05,Net Banking,Delivered,42.53,2.1265,40.4035,29.090519999999998,11.312980000000003,2025-05
ORD00372,2025-03-17,CUST0024,Smart Watch,Electronics,East,Patna,2,118.24,0.1,Net Banking,Delivered,236.48,23.648,212.832,153.23904,59.592960000000005,2025-03
ORD00373,2025-05-14,CUST0210,Office Chair,Furniture,East,Kolkata,1,155.49,0.1,Net Banking,Returned,155.49,15.549000000000001,139.941,100.75752,39.18348,2025-05
ORD00374,2025-02-18,CUST0119,Coffee Maker,Home,South,Bengaluru,2,84.55,0.0,Credit Card,Delivered,169.1,0.0,169.1,121.752,47.348,2025-02
ORD00375,2025-07-10,CUST0176,Smart Watch,Electronics,West,Ahmedabad,1,111.45,0.05,UPI,Delivered,111.45,5.572500000000001,105.8775,76.23179999999999,29.645700000000005,2025-07
ORD00376,2025-11-27,CUST0114,Smartphone,Electronics,South,Bengaluru,1,447.22,0.05,UPI,Delivered,447.22,22.361000000000004,424.85900000000004,305.89848,118.96052000000003,2025-11
ORD00377,2025-03-28,CUST0237,Jeans,Fashion,North,Lucknow,4,50.47,0.1,Cash on Delivery,Delivered,201.88,20.188000000000002,181.692,130.81824,50.873760000000004,2025-03
ORD00378,2025-03-30,CUST0091,T-Shirt,Fashion,West,Mumbai,2,21.21,0.1,Credit Card,Delivered,42.42,4.242,38.178000000000004,27.48816,10.689840000000004,2025-03
ORD00379,2025-11-28,CUST0076,Desk Lamp,Home,South,Chennai,4,29.71,0.1,UPI,Delivered,118.84,11.884,106.956,77.00832,29.947680000000005,2025-11
ORD00380,2025-03-12,CUST0108,Backpack,Accessories,West,Mumbai,5,43.19,0.15,UPI,Delivered,215.95,32.3925,183.5575,132.1614,51.39610000000002,2025-03
ORD00381,2025-09-03,CUST0140,Notebook,Stationery,East,Bhubaneswar,3,8.53,0.15,Debit Card,Delivered,25.589999999999996,3.8384999999999994,21.751499999999997,15.661079999999997,6.09042,2025-09
ORD00382,2025-01-14,CUST0082,Backpack,Accessories,South,Hyderabad,2,41.61,0.05,UPI,Delivered,83.22,4.1610000000000005,79.059,56.92247999999999,22.136520000000004,2025-01
ORD00383,2025-10-27,CUST0060,Coffee Maker,Home,East,Kolkata,1,86.37,0.0,Debit Card,Cancelled,86.37,0.0,86.37,62.1864,24.183600000000006,2025-10
ORD00384,2025-04-23,CUST0148,Notebook,Stationery,North,Jaipur,3,8.56,0.0,Credit Card,Delivered,25.68,0.0,25.68,18.4896,7.1904,2025-04
ORD00385,2025-12-24,CUST0092,Desk Lamp,Home,East,Patna,1,28.91,0.05,Net Banking,Cancelled,28.91,1.4455,27.4645,19.77444,7.690060000000003,2025-12
ORD00386,2025-09-10,CUST0139,Headphones,Electronics,South,Chennai,2,64.9,0.0,UPI,Delivered,129.8,0.0,129.8,93.456,36.34400000000001,2025-09
ORD00387,2025-01-11,CUST0135,Desk Lamp,Home,South,Chennai,1,27.25,0.15,Credit Card,Delivered,27.25,4.0874999999999995,23.1625,16.677,6.485500000000002,2025-01
ORD00388,2025-06-15,CUST0016,Running Shoes,Fashion,South,Bengaluru,2,76.04,0.0,UPI,Cancelled,152.08,0.0,152.08,109.4976,42.58240000000001,2025-06
ORD00389,2025-07-11,CUST0181,Running Shoes,Fashion,North,Lucknow,4,76.03,0.05,Debit Card,Delivered,304.12,15.206000000000001,288.914,208.01807999999997,80.89592000000002,2025-07
ORD00390,2025-08-12,CUST0203,Headphones,Electronics,South,Hyderabad,4,66.55,0.0,Net Banking,Returned,266.2,0.0,266.2,191.664,74.536,2025-08
ORD00391,2025-04-25,CUST0171,Desk Lamp,Home,East,Patna,2,27.46,0.05,Credit Card,Delivered,54.92,2.7460000000000004,52.174,37.56528,14.608719999999998,2025-04
ORD00392,2025-12-26,CUST0243,Notebook,Stationery,North,Lucknow,4,8.45,0.15,UPI,Delivered,33.8,5.069999999999999,28.729999999999997,20.685599999999997,8.0444,2025-12
ORD00393,2025-11-10,CUST0057,Desk Lamp,Home,East,Patna,5,26.23,0.1,Credit Card,Delivered,131.15,13.115000000000002,118.035,84.98519999999999,33.049800000000005,2025-11
ORD00394,2025-05-02,CUST0089,Notebook,Stationery,North,Jaipur,2,8.17,0.0,Debit Card,Delivered,16.34,0.0,16.34,11.7648,4.575200000000001,2025-05
ORD00395,2025-04-18,CUST0064,Laptop,Electronics,East,Patna,1,634.45,0.0,UPI,Delivered,634.45,0.0,634.45,456.80400000000003,177.64600000000002,2025-04
ORD00396,2025-08-03,CUST0249,T-Shirt,Fashion,West,Mumbai,4,21.98,0.1,Debit Card,Cancelled,87.92,8.792,79.128,56.972159999999995,22.155840000000005,2025-08
ORD00397,2025-09-03,CUST0202,T-Shirt,Fashion,North,Lucknow,2,20.81,0.0,UPI,Delivered,41.62,0.0,41.62,29.966399999999997,11.6536,2025-09
ORD00398,2025-05-14,CUST0244,Laptop,Electronics,East,Kolkata,1,633.55,0.1,Credit Card,Returned,633.55,63.355,570.1949999999999,410.5403999999999,159.65460000000002,2025-05
ORD00399,2025-06-23,CUST0153,Smartphone,Electronics,North,Lucknow,4,433.74,0.1,Credit Card,Cancelled,1734.96,173.496,1561.464,1124.25408,437.20992,2025-06
ORD00400,2025-01-28,CUST0026,T-Shirt,Fashion,South,Chennai,2,23.67,0.1,Net Banking,Returned,47.34,4.734000000000001,42.606,30.67632,11.929680000000001,2025-01
ORD00401,2025-12-05,CUST0073,Notebook,Stationery,East,Bhubaneswar,2,7.48,0.1,Net Banking,Cancelled,14.96,1.4960000000000002,13.464,9.69408,3.769920000000001,2025-12
ORD00402,2025-01-28,CUST0093,Jeans,Fashion,South,Bengaluru,4,44.83,0.15,Cash on Delivery,Delivered,179.32,26.898,152.422,109.74383999999999,42.678160000000005,2025-01
ORD00403,2025-04-16,CUST0044,Smartphone,Electronics,North,Lucknow,3,452.06,0.1,UPI,Delivered,1356.18,135.61800000000002,1220.5620000000001,878.8046400000001,341.75736000000006,2025-04
ORD00404,2025-09-08,CUST0230,T-Shirt,Fashion,West,Ahmedabad,3,20.56,0.15,Cash on Delivery,Delivered,61.67999999999999,9.251999999999999,52.428,37.74816,14.679839999999999,2025-09
ORD00405,2025-07-09,CUST0048,Running Shoes,Fashion,West,Pune,1,72.16,0.1,Debit Card,Delivered,72.16,7.216,64.944,46.75968,18.18432,2025-07
ORD00406,2025-03-19,CUST0193,Backpack,Accessories,North,Lucknow,1,42.02,0.05,Net Banking,Delivered,42.02,2.1010000000000004,39.919000000000004,28.741680000000002,11.177320000000002,2025-03
ORD00407,2025-10-11,CUST0016,Desk Lamp,Home,South,Chennai,5,27.64,0.15,Cash on Delivery,Cancelled,138.2,20.729999999999997,117.47,84.5784,32.8916,2025-10
ORD00408,2025-06-03,CUST0021,Smart Watch,Electronics,West,Pune,1,110.04,0.15,Net Banking,Returned,110.04,16.506,93.534,67.34448,26.18952,2025-06
ORD00409,2025-03-03,CUST0244,Desk Lamp,Home,South,Chennai,2,30.01,0.0,Credit Card,Delivered,60.02,0.0,60.02,43.2144,16.805600000000005,2025-03
ORD00410,2025-08-05,CUST0021,Headphones,Electronics,North,Lucknow,4,61.9,0.0,Net Banking,Delivered,247.6,0.0,247.6,178.272,69.328,2025-08
ORD00411,2025-02-14,CUST0100,Running Shoes,Fashion,North,Lucknow,4,75.62,0.05,Net Banking,Delivered,302.48,15.124000000000002,287.356,206.89631999999997,80.45968000000002,2025-02
ORD00412,2025-02-27,CUST0107,Laptop,Electronics,West,Mumbai,2,656.93,0.15,UPI,Delivered,1313.86,197.07899999999998,1116.781,804.08232,312.69867999999997,2025-02
ORD00413,2025-05-27,CUST0223,Desk Lamp,Home,North,Lucknow,3,29.69,0.05,Cash on Delivery,Returned,89.07000000000001,4.453500000000001,84.6165,60.92388,23.692620000000005,2025-05
ORD00414,2025-01-20,CUST0045,Jeans,Fashion,West,Pune,4,45.26,0.15,Cash on Delivery,Delivered,181.04,27.156,153.884,110.79647999999999,43.08752,2025-01
ORD00415,2025-12-20,CUST0061,T-Shirt,Fashion,East,Kolkata,4,23.48,0.05,UPI,Delivered,93.92,4.696000000000001,89.224,64.24128,24.98272,2025-12
ORD00416,2025-05-24,CUST0216,Backpack,Accessories,East,Bhubaneswar,1,48.4,0.0,Credit Card,Delivered,48.4,0.0,48.4,34.848,13.552,2025-05
ORD00417,2025-06-14,CUST0069,Notebook,Stationery,West,Ahmedabad,4,8.13,0.0,Credit Card,Delivered,32.52,0.0,32.52,23.4144,9.105600000000003,2025-06
ORD00418,2025-09-06,CUST0195,Smart Watch,Electronics,West,Ahmedabad,3,115.65,0.15,Credit Card,Delivered,346.95000000000005,52.042500000000004,294.9075,212.3334,82.57410000000002,2025-09
ORD00419,2025-03-11,CUST0200,Backpack,Accessories,West,Ahmedabad,5,41.61,0.0,Credit Card,Delivered,208.05,0.0,208.05,149.796,58.25400000000002,2025-03
ORD00420,2025-08-22,CUST0013,Smart Watch,Electronics,North,Jaipur,2,106.02,0.1,Net Banking,Delivered,212.04,21.204,190.83599999999998,137.40192,53.434079999999994,2025-08
ORD00421,2025-12-15,CUST0008,Office Chair,Furniture,North,Delhi,3,144.74,0.1,Credit Card,Delivered,434.22,43.422000000000004,390.798,281.37456,109.42344000000003,2025-12
ORD00422,2025-06-26,CUST0042,Desk Lamp,Home,East,Bhubaneswar,1,27.04,0.1,UPI,Delivered,27.04,2.704,24.336,17.521919999999998,6.814080000000001,2025-06
ORD00423,2025-04-24,CUST0166,Desk Lamp,Home,South,Bengaluru,2,26.97,0.1,Net Banking,Delivered,53.94,5.394,48.546,34.95312,13.592880000000001,2025-04
ORD00424,2025-08-31,CUST0234,Office Chair,Furniture,North,Delhi,2,147.35,0.0,Credit Card,Delivered,294.7,0.0,294.7,212.184,82.51599999999999,2025-08
ORD00425,2025-12-31,CUST0248,Desk Lamp,Home,East,Patna,3,27.66,0.1,Debit Card,Delivered,82.98,8.298,74.682,53.77104,20.910960000000003,2025-12
ORD00426,2025-08-27,CUST0078,Backpack,Accessories,South,Hyderabad,5,47.34,0.1,Net Banking,Delivered,236.70000000000002,23.67,213.03000000000003,153.38160000000002,59.64840000000001,2025-08
ORD00427,2025-10-15,CUST0166,Laptop,Electronics,East,Patna,5,627.4,0.0,Cash on Delivery,Delivered,3137.0,0.0,3137.0,2258.64,878.3600000000001,2025-10
ORD00428,2025-11-24,CUST0084,Running Shoes,Fashion,East,Bhubaneswar,3,76.87,0.05,Credit Card,Delivered,230.61,11.530500000000002,219.07950000000002,157.73724,61.34226000000001,2025-11
ORD00429,2025-01-30,CUST0207,Coffee Maker,Home,South,Hyderabad,4,92.31,0.0,UPI,Returned,369.24,0.0,369.24,265.8528,103.3872,2025-01
ORD00430,2025-05-13,CUST0233,Jeans,Fashion,East,Bhubaneswar,4,47.14,0.0,Net Banking,Returned,188.56,0.0,188.56,135.76319999999998,52.79680000000002,2025-05
ORD00431,2025-06-25,CUST0186,Desk Lamp,Home,South,Hyderabad,2,28.83,0.1,Debit Card,Cancelled,57.66,5.766,51.894,37.363679999999995,14.530320000000003,2025-06
ORD00432,2025-12-03,CUST0225,Backpack,Accessories,South,Hyderabad,2,43.52,0.1,Credit Card,Returned,87.04,8.704,78.33600000000001,56.401920000000004,21.93408000000001,2025-12
ORD00433,2025-12-15,CUST0231,Backpack,Accessories,South,Chennai,1,43.0,0.0,Debit Card,Delivered,43.0,0.0,43.0,30.959999999999997,12.040000000000003,2025-12
ORD00434,2025-05-14,CUST0150,Running Shoes,Fashion,East,Bhubaneswar,4,79.21,0.1,UPI,Returned,316.84,31.683999999999997,285.15599999999995,205.31231999999994,79.84368,2025-05
ORD00435,2025-08-30,CUST0228,Desk Lamp,Home,North,Delhi,5,26.3,0.1,Net Banking,Delivered,131.5,13.15,118.35,85.21199999999999,33.138000000000005,2025-08
ORD00436,2025-03-19,CUST0036,T-Shirt,Fashion,North,Delhi,3,21.68,0.15,Cash on Delivery,Delivered,65.03999999999999,9.755999999999998,55.28399999999999,39.80447999999999,15.47952,2025-03
ORD00437,2025-02-11,CUST0125,Running Shoes,Fashion,South,Chennai,2,72.76,0.0,UPI,Delivered,145.52,0.0,145.52,104.7744,40.74560000000001,2025-02
ORD00438,2025-03-28,CUST0148,Backpack,Accessories,South,Bengaluru,4,47.05,0.0,Credit Card,Cancelled,188.2,0.0,188.2,135.504,52.696,2025-03
ORD00439,2025-07-26,CUST0110,T-Shirt,Fashion,West,Pune,4,20.26,0.15,Credit Card,Returned,81.04,12.156,68.884,49.59648,19.28752,2025-07
ORD00440,2025-06-14,CUST0194,Running Shoes,Fashion,North,Lucknow,2,69.21,0.0,Credit Card,Delivered,138.42,0.0,138.42,99.66239999999999,38.7576,2025-06
ORD00441,2025-06-09,CUST0034,Notebook,Stationery,East,Kolkata,4,8.0,0.05,Credit Card,Delivered,32.0,1.6,30.4,21.887999999999998,8.512,2025-06
ORD00442,2025-05-29,CUST0117,Laptop,Electronics,East,Patna,5,660.02,0.05,Cash on Delivery,Returned,3300.1,165.005,3135.095,2257.2684,877.8265999999999,2025-05
ORD00443,2025-09-08,CUST0092,Headphones,Electronics,East,Kolkata,2,69.66,0.1,UPI,Delivered,139.32,13.932,125.38799999999999,90.27936,35.108639999999994,2025-09
ORD00444,2025-04-19,CUST0188,Smart Watch,Electronics,South,Bengaluru,5,110.08,0.0,Debit Card,Returned,550.4,0.0,550.4,396.28799999999995,154.11200000000002,2025-04
ORD00445,2025-07-12,CUST0225,Office Chair,Furniture,North,Lucknow,3,151.29,0.15,UPI,Cancelled,453.87,68.0805,385.7895,277.76844,108.02105999999998,2025-07
ORD00446,2025-12-01,CUST0215,Laptop,Electronics,North,Delhi,1,669.73,0.1,Cash on Delivery,Delivered,669.73,66.973,602.7570000000001,433.98504,168.77196000000004,2025-12
ORD00447,2025-08-31,CUST0180,Smartphone,Electronics,East,Kolkata,2,433.12,0.0,Debit Card,Delivered,866.24,0.0,866.24,623.6928,242.54719999999998,2025-08
ORD00448,2025-12-06,CUST0134,Office Chair,Furniture,North,Jaipur,5,147.45,0.0,Cash on Delivery,Delivered,737.25,0.0,737.25,530.8199999999999,206.43000000000006,2025-12
ORD00449,2025-05-25,CUST0030,Coffee Maker,Home,North,Delhi,4,85.66,0.0,Debit Card,Cancelled,342.64,0.0,342.64,246.7008,95.9392,2025-05
ORD00450,2025-12-27,CUST0105,Smart Watch,Electronics,East,Bhubaneswar,2,101.89,0.1,Credit Card,Returned,203.78,20.378,183.402,132.04943999999998,51.35256000000001,2025-12
ORD00451,2025-05-01,CUST0001,Jeans,Fashion,East,Kolkata,1,51.12,0.15,Cash on Delivery,Delivered,51.12,7.667999999999999,43.452,31.285439999999998,12.16656,2025-05
ORD00452,2025-02-21,CUST0232,Smartphone,Electronics,North,Jaipur,2,417.09,0.05,Debit Card,Delivered,834.18,41.709,792.471,570.57912,221.89188000000001,2025-02
ORD00453,2025-03-31,CUST0224,Laptop,Electronics,North,Delhi,3,635.46,0.05,Cash on Delivery,Returned,1906.38,95.31900000000002,1811.0610000000001,1303.9639200000001,507.09708,2025-03
ORD00454,2025-01-24,CUST0003,Smartphone,Electronics,North,Delhi,2,408.49,0.1,Net Banking,Delivered,816.98,81.69800000000001,735.282,529.40304,205.87896,2025-01
ORD00455,2025-07-10,CUST0209,Notebook,Stationery,North,Jaipur,2,7.51,0.1,Cash on Delivery,Delivered,15.02,1.502,13.517999999999999,9.732959999999999,3.7850400000000004,2025-07
ORD00456,2025-08-04,CUST0167,T-Shirt,Fashion,West,Mumbai,1,20.71,0.0,Credit Card,Delivered,20.71,0.0,20.71,14.911200000000001,5.7988,2025-08
ORD00457,2025-10-19,CUST0174,T-Shirt,Fashion,West,Pune,2,22.39,0.05,Net Banking,Delivered,44.78,2.2390000000000003,42.541000000000004,30.629520000000003,11.911480000000001,2025-10
ORD00458,2025-09-05,CUST0236,Office Chair,Furniture,South,Chennai,1,153.99,0.1,UPI,Delivered,153.99,15.399000000000001,138.591,99.78552,38.80548,2025-09
ORD00459,2025-01-07,CUST0181,Backpack,Accessories,East,Patna,5,46.93,0.15,Net Banking,Delivered,234.65,35.1975,199.45250000000001,143.60580000000002,55.8467,2025-01
ORD00460,2025-09-23,CUST0134,Office Chair,Furniture,East,Patna,5,135.61,0.0,Cash on Delivery,Delivered,678.0500000000001,0.0,678.0500000000001,488.196,189.85400000000004,2025-09
ORD00461,2025-03-18,CUST0215,Office Chair,Furniture,West,Ahmedabad,5,134.67,0.0,Net Banking,Delivered,673.3499999999999,0.0,673.3499999999999,484.8119999999999,188.538,2025-03
ORD00462,2025-02-08,CUST0193,Jeans,Fashion,South,Chennai,3,46.01,0.05,UPI,Cancelled,138.03,6.9015,131.1285,94.41252,36.71598,2025-02
ORD00463,2025-07-26,CUST0210,Smart Watch,Electronics,West,Mumbai,1,109.28,0.15,Cash on Delivery,Delivered,109.28,16.392,92.888,66.87936,26.00864,2025-07
ORD00464,2025-06-11,CUST0031,Jeans,Fashion,West,Pune,1,44.95,0.1,UPI,Cancelled,44.95,4.495,40.455000000000005,29.1276,11.327400000000004,2025-06
ORD00465,2025-02-16,CUST0203,Coffee Maker,Home,North,Lucknow,5,91.98,0.15,Net Banking,Delivered,459.90000000000003,68.985,390.915,281.4588,109.45620000000002,2025-02
ORD00466,2025-06-24,CUST0094,Office Chair,Furniture,West,Mumbai,2,152.99,0.05,Net Banking,Cancelled,305.98,15.299000000000001,290.68100000000004,209.29032,81.39068000000003,2025-06
ORD00467,2025-12-03,CUST0094,Desk Lamp,Home,West,Ahmedabad,4,26.27,0.0,UPI,Delivered,105.08,0.0,105.08,75.6576,29.422399999999996,2025-12
ORD00468,2025-10-08,CUST0134,Running Shoes,Fashion,East,Bhubaneswar,1,69.55,0.0,Cash on Delivery,Delivered,69.55,0.0,69.55,50.07599999999999,19.474000000000004,2025-10
ORD00469,2025-02-24,CUST0066,Notebook,Stationery,West,Ahmedabad,2,7.6,0.1,Credit Card,Delivered,15.2,1.52,13.68,9.849599999999999,3.830400000000001,2025-02
ORD00470,2025-02-25,CUST0194,Smart Watch,Electronics,East,Bhubaneswar,1,117.51,0.15,UPI,Delivered,117.51,17.6265,99.8835,71.91611999999999,27.967380000000006,2025-02
ORD00471,2025-09-13,CUST0002,Jeans,Fashion,South,Hyderabad,1,48.41,0.1,Net Banking,Delivered,48.41,4.841,43.568999999999996,31.369679999999995,12.19932,2025-09
ORD00472,2025-12-21,CUST0149,Coffee Maker,Home,South,Bengaluru,2,84.29,0.15,Net Banking,Delivered,168.58,25.287000000000003,143.293,103.17096,40.12204000000001,2025-12
ORD00473,2025-08-03,CUST0156,Coffee Maker,Home,West,Ahmedabad,2,86.74,0.05,Debit Card,Delivered,173.48,8.674,164.80599999999998,118.66031999999998,46.14568,2025-08
ORD00474,2025-07-31,CUST0155,Headphones,Electronics,South,Hyderabad,5,62.91,0.15,Debit Card,Returned,314.54999999999995,47.18249999999999,267.36749999999995,192.50459999999995,74.8629,2025-07
ORD00475,2025-04-13,CUST0054,Notebook,Stationery,South,Hyderabad,3,8.24,0.0,Credit Card,Cancelled,24.72,0.0,24.72,17.798399999999997,6.9216000000000015,2025-04
ORD00476,2025-12-30,CUST0030,Coffee Maker,Home,East,Bhubaneswar,5,89.72,0.15,Cash on Delivery,Returned,448.6,67.29,381.31,274.5432,106.76679999999999,2025-12
ORD00477,2025-08-05,CUST0207,Notebook,Stationery,East,Kolkata,5,7.5,0.1,Credit Card,Delivered,37.5,3.75,33.75,24.3,9.45,2025-08
ORD00478,2025-04-13,CUST0069,Office Chair,Furniture,North,Delhi,3,149.25,0.0,UPI,Returned,447.75,0.0,447.75,322.38,125.37,2025-04
ORD00479,2025-10-05,CUST0009,Backpack,Accessories,South,Chennai,4,42.14,0.15,Credit Card,Returned,168.56,25.284,143.276,103.15872,40.11728000000001,2025-10
ORD00480,2025-05-02,CUST0131,Office Chair,Furniture,West,Ahmedabad,3,149.48,0.0,Cash on Delivery,Delivered,448.43999999999994,0.0,448.43999999999994,322.87679999999995,125.5632,2025-05
ORD00481,2025-10-10,CUST0014,T-Shirt,Fashion,East,Kolkata,3,20.95,0.1,Credit Card,Returned,62.849999999999994,6.285,56.565,40.7268,15.8382,2025-10
ORD00482,2025-10-29,CUST0140,Notebook,Stationery,East,Patna,5,7.61,0.0,Debit Card,Delivered,38.050000000000004,0.0,38.050000000000004,27.396,10.654000000000003,2025-10
ORD00483,2025-04-06,CUST0247,Headphones,Electronics,North,Delhi,5,61.04,0.0,Cash on Delivery,Delivered,305.2,0.0,305.2,219.74399999999997,85.45600000000002,2025-04
ORD00484,2025-03-08,CUST0042,Coffee Maker,Home,East,Patna,3,82.88,0.1,Credit Card,Delivered,248.64,24.864,223.77599999999998,161.11871999999997,62.657280000000014,2025-03
ORD00485,2025-11-02,CUST0014,Headphones,Electronics,East,Patna,5,68.57,0.05,Cash on Delivery,Cancelled,342.84999999999997,17.1425,325.7075,234.50939999999997,91.19810000000001,2025-11
ORD00486,2025-02-07,CUST0201,Coffee Maker,Home,East,Patna,3,90.37,0.0,Net Banking,Delivered,271.11,0.0,271.11,195.1992,75.91080000000002,2025-02
ORD00487,2025-08-01,CUST0140,Coffee Maker,Home,South,Hyderabad,4,84.12,0.0,Credit Card,Returned,336.48,0.0,336.48,242.2656,94.21440000000001,2025-08
ORD00488,2025-07-04,CUST0076,Running Shoes,Fashion,East,Kolkata,5,75.37,0.15,UPI,Delivered,376.85,56.5275,320.3225,230.63219999999998,89.69030000000001,2025-07
ORD00489,2025-08-17,CUST0062,Office Chair,Furniture,East,Patna,5,154.71,0.0,UPI,Returned,773.5500000000001,0.0,773.5500000000001,556.956,216.59400000000005,2025-08
ORD00490,2025-02-28,CUST0099,Running Shoes,Fashion,West,Pune,5,77.69,0.0,Net Banking,Delivered,388.45,0.0,388.45,279.68399999999997,108.76600000000002,2025-02
ORD00491,2025-09-07,CUST0012,Coffee Maker,Home,West,Pune,2,87.41,0.0,UPI,Delivered,174.82,0.0,174.82,125.87039999999999,48.949600000000004,2025-09
ORD00492,2025-11-17,CUST0017,Coffee Maker,Home,North,Delhi,2,95.26,0.1,UPI,Delivered,190.52,19.052000000000003,171.46800000000002,123.45696000000001,48.01104000000001,2025-11
ORD00493,2025-11-28,CUST0210,Coffee Maker,Home,West,Mumbai,2,83.14,0.05,UPI,Delivered,166.28,8.314,157.966,113.73552000000001,44.23048,2025-11
ORD00494,2025-04-02,CUST0204,Smartphone,Electronics,North,Jaipur,5,391.13,0.0,Debit Card,Delivered,1955.65,0.0,1955.65,1408.068,547.5820000000001,2025-04
ORD00495,2025-11-19,CUST0104,T-Shirt,Fashion,West,Pune,3,20.3,0.0,Net Banking,Delivered,60.900000000000006,0.0,60.900000000000006,43.848,17.052000000000007,2025-11
ORD00496,2025-10-27,CUST0012,Office Chair,Furniture,North,Lucknow,1,141.7,0.15,UPI,Delivered,141.7,21.255,120.445,86.7204,33.724599999999995,2025-10
ORD00497,2025-11-07,CUST0023,Office Chair,Furniture,East,Bhubaneswar,4,142.25,0.0,Cash on Delivery,Delivered,569.0,0.0,569.0,409.68,159.32,2025-11
ORD00498,2025-03-11,CUST0192,Coffee Maker,Home,South,Chennai,5,87.05,0.0,Debit Card,Returned,435.25,0.0,435.25,313.38,121.87,2025-03
ORD00499,2025-01-06,CUST0142,Notebook,Stationery,East,Patna,2,7.52,0.0,Net Banking,Cancelled,15.04,0.0,15.04,10.8288,4.2112,2025-01
ORD00500,2025-06-06,CUST0054,T-Shirt,Fashion,North,Lucknow,3,20.99,0.15,Credit Card,Delivered,62.97,9.4455,53.5245,38.53764,14.98686,2025-06
ORD00501,2025-11-12,CUST0214,Headphones,Electronics,South,Chennai,2,60.99,0.15,UPI,Cancelled,121.98,18.297,103.683,74.65176,29.03124000000001,2025-11
ORD00502,2025-05-29,CUST0172,Jeans,Fashion,North,Delhi,3,44.91,0.15,Cash on Delivery,Delivered,134.73,20.2095,114.5205,82.45476,32.065740000000005,2025-05
ORD00503,2025-12-10,CUST0168,Running Shoes,Fashion,South,Bengaluru,1,72.42,0.0,Credit Card,Delivered,72.42,0.0,72.42,52.1424,20.2776,2025-12
ORD00504,2025-06-18,CUST0158,Jeans,Fashion,West,Ahmedabad,3,49.49,0.0,Net Banking,Cancelled,148.47,0.0,148.47,106.8984,41.571600000000004,2025-06
ORD00505,2025-08-08,CUST0044,Running Shoes,Fashion,East,Kolkata,3,71.95,0.0,Cash on Delivery,Delivered,215.85000000000002,0.0,215.85000000000002,155.412,60.43800000000002,2025-08
ORD00506,2025-12-14,CUST0188,Running Shoes,Fashion,South,Chennai,4,74.55,0.05,Debit Card,Delivered,298.2,14.91,283.28999999999996,203.96879999999996,79.3212,2025-12
ORD00507,2025-03-31,CUST0166,Coffee Maker,Home,North,Lucknow,1,94.92,0.0,Net Banking,Delivered,94.92,0.0,94.92,68.3424,26.577600000000004,2025-03
ORD00508,2025-02-08,CUST0229,Backpack,Accessories,North,Delhi,5,45.95,0.15,Net Banking,Delivered,229.75,34.4625,195.2875,140.607,54.680499999999995,2025-02
ORD00509,2025-01-19,CUST0142,Desk Lamp,Home,South,Chennai,5,29.77,0.15,Cash on Delivery,Returned,148.85,22.327499999999997,126.5225,91.0962,35.4263,2025-01
ORD00510,2025-07-20,CUST0058,Headphones,Electronics,East,Patna,3,61.19,0.15,Net Banking,Delivered,183.57,27.5355,156.03449999999998,112.34483999999998,43.68966,2025-07
ORD00511,2025-09-15,CUST0003,T-Shirt,Fashion,East,Patna,2,23.22,0.15,Credit Card,Cancelled,46.44,6.965999999999999,39.474,28.421279999999996,11.05272,2025-09
ORD00512,2025-03-23,CUST0046,Headphones,Electronics,West,Ahmedabad,5,66.66,0.0,Cash on Delivery,Delivered,333.29999999999995,0.0,333.29999999999995,239.97599999999997,93.32399999999998,2025-03
ORD00513,2025-09-07,CUST0060,Laptop,Electronics,South,Bengaluru,3,636.42,0.0,Credit Card,Cancelled,1909.2599999999998,0.0,1909.2599999999998,1374.6671999999999,534.5927999999999,2025-09
ORD00514,2025-08-29,CUST0235,Running Shoes,Fashion,West,Pune,1,69.48,0.05,UPI,Returned,69.48,3.474,66.006,47.524319999999996,18.481680000000004,2025-08
ORD00515,2025-05-15,CUST0149,Coffee Maker,Home,East,Patna,5,85.3,0.1,Debit Card,Cancelled,426.5,42.650000000000006,383.85,276.372,107.47800000000001,2025-05
ORD00516,2025-09-22,CUST0065,Office Chair,Furniture,North,Jaipur,2,145.38,0.05,Debit Card,Delivered,290.76,14.538,276.222,198.87983999999997,77.34216,2025-09
ORD00517,2025-09-14,CUST0226,Jeans,Fashion,North,Delhi,4,45.43,0.0,Net Banking,Returned,181.72,0.0,181.72,130.8384,50.88159999999999,2025-09
ORD00518,2025-03-18,CUST0048,Backpack,Accessories,South,Bengaluru,3,45.73,0.0,Credit Card,Delivered,137.19,0.0,137.19,98.7768,38.4132,2025-03
ORD00519,2025-09-04,CUST0173,Running Shoes,Fashion,North,Jaipur,4,71.53,0.0,Cash on Delivery,Delivered,286.12,0.0,286.12,206.00639999999999,80.11360000000002,2025-09
ORD00520,2025-03-07,CUST0147,Smart Watch,Electronics,North,Lucknow,2,103.57,0.15,UPI,Cancelled,207.14,31.070999999999998,176.069,126.76968,49.299319999999994,2025-03
ORD00521,2025-03-27,CUST0067,Headphones,Electronics,North,Delhi,5,69.77,0.15,Net Banking,Returned,348.84999999999997,52.32749999999999,296.5225,213.4962,83.02629999999999,2025-03
ORD00522,2025-02-13,CUST0056,Laptop,Electronics,East,Bhubaneswar,5,701.25,0.1,Credit Card,Delivered,3506.25,350.625,3155.625,2272.0499999999997,883.5750000000003,2025-02
ORD00523,2025-10-26,CUST0211,T-Shirt,Fashion,South,Bengaluru,5,22.56,0.05,Credit Card,Returned,112.8,5.640000000000001,107.16,77.1552,30.004800000000003,2025-10
ORD00524,2025-08-21,CUST0153,Office Chair,Furniture,East,Patna,1,138.73,0.1,Credit Card,Delivered,138.73,13.873,124.85699999999999,89.89703999999999,34.959959999999995,2025-08
ORD00525,2025-09-25,CUST0221,Laptop,Electronics,South,Hyderabad,4,683.96,0.15,UPI,Delivered,2735.84,410.37600000000003,2325.464,1674.3340799999999,651.1299200000001,2025-09
ORD00526,2025-09-30,CUST0129,Jeans,Fashion,North,Delhi,1,47.86,0.0,Net Banking,Cancelled,47.86,0.0,47.86,34.459199999999996,13.400800000000004,2025-09
ORD00527,2025-09-25,CUST0108,Laptop,Electronics,West,Pune,1,670.55,0.1,Credit Card,Delivered,670.55,67.05499999999999,603.495,434.5164,168.97860000000003,2025-09
ORD00528,2025-10-29,CUST0206,T-Shirt,Fashion,East,Patna,5,20.58,0.0,Debit Card,Delivered,102.89999999999999,0.0,102.89999999999999,74.088,28.811999999999998,2025-10
ORD00529,2025-05-26,CUST0154,Smart Watch,Electronics,North,Lucknow,4,105.74,0.0,UPI,Cancelled,422.96,0.0,422.96,304.53119999999996,118.42880000000002,2025-05
ORD00530,2025-09-24,CUST0002,Coffee Maker,Home,North,Jaipur,2,92.7,0.05,Cash on Delivery,Delivered,185.4,9.270000000000001,176.13,126.8136,49.3164,2025-09
ORD00531,2025-08-07,CUST0167,Smartphone,Electronics,South,Hyderabad,3,403.96,0.15,Cash on Delivery,Cancelled,1211.8799999999999,181.78199999999998,1030.098,741.6705599999999,288.42744000000005,2025-08
ORD00532,2025-12-15,CUST0102,Running Shoes,Fashion,East,Kolkata,4,75.63,0.15,Cash on Delivery,Delivered,302.52,45.37799999999999,257.142,185.14224,71.99976000000001,2025-12
ORD00533,2025-05-10,CUST0079,Running Shoes,Fashion,West,Ahmedabad,3,78.29,0.1,Credit Card,Returned,234.87,23.487000000000002,211.383,152.19576,59.18724,2025-05
ORD00534,2025-08-17,CUST0201,Smartphone,Electronics,South,Hyderabad,2,393.14,0.15,Cash on Delivery,Delivered,786.28,117.942,668.338,481.20336,187.13464,2025-08
ORD00535,2025-03-24,CUST0100,Coffee Maker,Home,North,Lucknow,1,94.38,0.0,Cash on Delivery,Cancelled,94.38,0.0,94.38,67.9536,26.4264,2025-03
ORD00536,2025-02-02,CUST0068,T-Shirt,Fashion,North,Delhi,3,20.52,0.0,Cash on Delivery,Delivered,61.56,0.0,61.56,44.3232,17.236800000000002,2025-02
ORD00537,2025-12-31,CUST0247,Desk Lamp,Home,East,Patna,1,30.0,0.0,Cash on Delivery,Delivered,30.0,0.0,30.0,21.599999999999998,8.400000000000002,2025-12
ORD00538,2025-12-03,CUST0239,Laptop,Electronics,South,Hyderabad,3,618.25,0.15,Net Banking,Cancelled,1854.75,278.2125,1576.5375,1135.107,441.43049999999994,2025-12
ORD00539,2025-11-11,CUST0044,Notebook,Stationery,South,Hyderabad,1,7.82,0.0,Credit Card,Delivered,7.82,0.0,7.82,5.6304,2.1896000000000004,2025-11
ORD00540,2025-06-30,CUST0172,Backpack,Accessories,West,Pune,4,45.62,0.15,UPI,Returned,182.48,27.371999999999996,155.108,111.67775999999999,43.43024000000001,2025-06
ORD00541,2025-02-16,CUST0141,Notebook,Stationery,North,Jaipur,5,8.53,0.05,Debit Card,Delivered,42.65,2.1325,40.5175,29.1726,11.344899999999999,2025-02
ORD00542,2025-08-21,CUST0239,Smart Watch,Electronics,South,Chennai,5,101.28,0.0,Cash on Delivery,Cancelled,506.4,0.0,506.4,364.60799999999995,141.79200000000003,2025-08
ORD00543,2025-09-15,CUST0076,Smartphone,Electronics,North,Jaipur,1,440.36,0.05,Net Banking,Cancelled,440.36,22.018,418.342,301.20624,117.13576,2025-09
ORD00544,2025-07-13,CUST0145,Backpack,Accessories,West,Pune,2,46.85,0.1,Cash on Delivery,Cancelled,93.7,9.370000000000001,84.33,60.7176,23.6124,2025-07
ORD00545,2025-03-01,CUST0067,Laptop,Electronics,West,Mumbai,4,663.9,0.0,Credit Card,Delivered,2655.6,0.0,2655.6,1912.032,743.568,2025-03
ORD00546,2025-09-22,CUST0138,T-Shirt,Fashion,East,Kolkata,3,21.11,0.0,Cash on Delivery,Returned,63.33,0.0,63.33,45.5976,17.7324,2025-09
ORD00547,2025-02-08,CUST0142,Notebook,Stationery,East,Kolkata,4,7.76,0.0,Net Banking,Delivered,31.04,0.0,31.04,22.348799999999997,8.691200000000002,2025-02
ORD00548,2025-09-13,CUST0189,Headphones,Electronics,South,Bengaluru,2,67.45,0.05,Credit Card,Delivered,134.9,6.745000000000001,128.155,92.27159999999999,35.88340000000001,2025-09
ORD00549,2025-11-13,CUST0092,Smart Watch,Electronics,South,Bengaluru,1,103.31,0.0,Cash on Delivery,Cancelled,103.31,0.0,103.31,74.3832,28.9268,2025-11
ORD00550,2025-09-04,CUST0096,Laptop,Electronics,North,Lucknow,3,649.2,0.15,Debit Card,Delivered,1947.6000000000001,292.14,1655.46,1191.9312,463.52880000000005,2025-09
ORD00551,2025-07-23,CUST0057,Headphones,Electronics,East,Patna,2,60.36,0.1,Cash on Delivery,Cancelled,120.72,12.072000000000001,108.648,78.22655999999999,30.421440000000004,2025-07
ORD00552,2025-07-21,CUST0221,Laptop,Electronics,East,Patna,2,645.55,0.0,Net Banking,Delivered,1291.1,0.0,1291.1,929.5919999999999,361.50800000000004,2025-07
ORD00553,2025-01-07,CUST0173,Running Shoes,Fashion,North,Delhi,4,75.97,0.05,Debit Card,Cancelled,303.88,15.194,288.686,207.85392,80.83207999999999,2025-01
ORD00554,2025-10-08,CUST0068,Backpack,Accessories,South,Bengaluru,3,44.79,0.15,Debit Card,Delivered,134.37,20.1555,114.2145,82.23443999999999,31.98006000000001,2025-10
ORD00555,2025-08-06,CUST0054,Headphones,Electronics,West,Pune,3,63.6,0.1,Debit Card,Delivered,190.8,19.080000000000002,171.72,123.63839999999999,48.08160000000001,2025-08
ORD00556,2025-10-22,CUST0176,Headphones,Electronics,South,Bengaluru,1,67.3,0.0,Net Banking,Delivered,67.3,0.0,67.3,48.455999999999996,18.844,2025-10
ORD00557,2025-03-16,CUST0205,T-Shirt,Fashion,South,Hyderabad,2,21.9,0.0,Credit Card,Delivered,43.8,0.0,43.8,31.535999999999998,12.264,2025-03
ORD00558,2025-11-19,CUST0133,Jeans,Fashion,South,Hyderabad,3,50.19,0.05,Debit Card,Cancelled,150.57,7.5285,143.04149999999998,102.98987999999999,40.05162,2025-11
ORD00559,2025-07-23,CUST0026,Desk Lamp,Home,North,Lucknow,2,26.03,0.05,Cash on Delivery,Returned,52.06,2.603,49.457,35.60904,13.84796,2025-07
ORD00560,2025-06-21,CUST0067,Smartphone,Electronics,West,Pune,3,424.06,0.05,Debit Card,Delivered,1272.18,63.60900000000001,1208.5710000000001,870.1711200000001,338.39988000000005,2025-06
ORD00561,2025-06-29,CUST0223,T-Shirt,Fashion,North,Lucknow,5,20.94,0.15,Net Banking,Delivered,104.7,15.705,88.995,64.0764,24.918599999999998,2025-06
ORD00562,2025-06-16,CUST0173,Backpack,Accessories,East,Patna,4,46.98,0.1,UPI,Delivered,187.92,18.791999999999998,169.128,121.77215999999999,47.35584,2025-06
ORD00563,2025-08-26,CUST0162,Desk Lamp,Home,East,Kolkata,2,28.63,0.05,Cash on Delivery,Returned,57.26,2.863,54.397,39.165839999999996,15.231160000000003,2025-08
ORD00564,2025-02-06,CUST0021,Desk Lamp,Home,West,Mumbai,3,26.78,0.05,Debit Card,Returned,80.34,4.017,76.32300000000001,54.952560000000005,21.370440000000002,2025-02
ORD00565,2025-05-19,CUST0228,Backpack,Accessories,West,Pune,3,46.78,0.15,Cash on Delivery,Delivered,140.34,21.051,119.289,85.88808,33.40092,2025-05
ORD00566,2025-01-12,CUST0033,Headphones,Electronics,South,Hyderabad,2,66.69,0.0,Credit Card,Delivered,133.38,0.0,133.38,96.03359999999999,37.3464,2025-01
ORD00567,2025-02-18,CUST0017,T-Shirt,Fashion,North,Jaipur,5,20.43,0.1,Net Banking,Delivered,102.15,10.215000000000002,91.935,66.1932,25.741799999999998,2025-02
ORD00568,2025-11-13,CUST0040,Smartphone,Electronics,East,Kolkata,4,407.19,0.0,Debit Card,Delivered,1628.76,0.0,1628.76,1172.7072,456.05279999999993,2025-11
ORD00569,2025-03-09,CUST0135,Office Chair,Furniture,South,Bengaluru,1,134.22,0.05,Debit Card,Delivered,134.22,6.711,127.509,91.80648,35.70252000000001,2025-03
ORD00570,2025-10-08,CUST0114,Jeans,Fashion,East,Kolkata,5,45.52,0.15,Cash on Delivery,Returned,227.60000000000002,34.14,193.46000000000004,139.29120000000003,54.168800000000005,2025-10
ORD00571,2025-09-26,CUST0164,Notebook,Stationery,West,Ahmedabad,5,7.76,0.05,Cash on Delivery,Cancelled,38.8,1.94,36.86,26.539199999999997,10.320800000000002,2025-09
ORD00572,2025-08-15,CUST0079,Smart Watch,Electronics,North,Jaipur,4,105.77,0.05,UPI,Delivered,423.08,21.154,401.926,289.38671999999997,112.53928000000002,2025-08
ORD00573,2025-06-26,CUST0074,Coffee Maker,Home,South,Chennai,5,82.92,0.1,Cash on Delivery,Delivered,414.6,41.46000000000001,373.14,268.6608,104.47919999999999,2025-06
ORD00574,2025-05-30,CUST0153,Laptop,Electronics,West,Mumbai,1,655.01,0.0,Cash on Delivery,Cancelled,655.01,0.0,655.01,471.6072,183.4028,2025-05
ORD00575,2025-05-08,CUST0042,T-Shirt,Fashion,West,Ahmedabad,4,23.16,0.0,Debit Card,Delivered,92.64,0.0,92.64,66.7008,25.9392,2025-05
ORD00576,2025-09-22,CUST0196,T-Shirt,Fashion,South,Hyderabad,3,21.24,0.15,Debit Card,Delivered,63.72,9.558,54.162,38.99664,15.16536,2025-09
ORD00577,2025-04-04,CUST0035,Smart Watch,Electronics,North,Jaipur,1,112.41,0.15,Cash on Delivery,Delivered,112.41,16.8615,95.54849999999999,68.79491999999999,26.75358,2025-04
ORD00578,2025-04-07,CUST0083,Notebook,Stationery,West,Mumbai,2,7.42,0.15,UPI,Delivered,14.84,2.226,12.614,9.08208,3.5319200000000013,2025-04
ORD00579,2025-05-18,CUST0033,Smartphone,Electronics,East,Patna,4,435.26,0.0,UPI,Delivered,1741.04,0.0,1741.04,1253.5488,487.49119999999994,2025-05
ORD00580,2025-04-22,CUST0088,Laptop,Electronics,West,Pune,3,679.72,0.1,Debit Card,Delivered,2039.16,203.91600000000003,1835.2440000000001,1321.37568,513.86832,2025-04
ORD00581,2025-06-19,CUST0021,Notebook,Stationery,North,Delhi,1,7.7,0.1,UPI,Cancelled,7.7,0.77,6.93,4.989599999999999,1.9404000000000003,2025-06
ORD00582,2025-04-09,CUST0230,Jeans,Fashion,South,Chennai,4,50.52,0.0,Credit Card,Delivered,202.08,0.0,202.08,145.4976,56.58240000000001,2025-04
ORD00583,2025-01-18,CUST0051,Jeans,Fashion,South,Chennai,1,48.16,0.0,Cash on Delivery,Delivered,48.16,0.0,48.16,34.6752,13.4848,2025-01
ORD00584,2025-06-15,CUST0041,Office Chair,Furniture,East,Patna,1,150.68,0.15,Net Banking,Delivered,150.68,22.602,128.078,92.21616,35.86184,2025-06
ORD00585,2025-11-23,CUST0077,Backpack,Accessories,West,Mumbai,3,47.79,0.0,UPI,Delivered,143.37,0.0,143.37,103.2264,40.143600000000006,2025-11
ORD00586,2025-06-16,CUST0004,Office Chair,Furniture,West,Mumbai,3,146.96,0.1,Credit Card,Delivered,440.88,44.088,396.792,285.69023999999996,111.10176000000001,2025-06
ORD00587,2025-12-19,CUST0153,Laptop,Electronics,West,Mumbai,3,678.16,0.0,Credit Card,Delivered,2034.48,0.0,2034.48,1464.8256,569.6544000000001,2025-12
ORD00588,2025-11-17,CUST0016,Smartphone,Electronics,East,Kolkata,3,429.72,0.15,UPI,Delivered,1289.16,193.374,1095.786,788.96592,306.8200800000001,2025-11
ORD00589,2025-06-12,CUST0143,Jeans,Fashion,South,Hyderabad,3,50.35,0.1,Credit Card,Delivered,151.05,15.105000000000002,135.94500000000002,97.88040000000001,38.06460000000001,2025-06
ORD00590,2025-07-03,CUST0186,Notebook,Stationery,West,Mumbai,3,8.51,0.1,Cash on Delivery,Cancelled,25.53,2.5530000000000004,22.977,16.54344,6.43356,2025-07
ORD00591,2025-04-08,CUST0146,Backpack,Accessories,West,Mumbai,5,43.9,0.1,Debit Card,Cancelled,219.5,21.950000000000003,197.55,142.236,55.31400000000002,2025-04
ORD00592,2025-02-05,CUST0136,Coffee Maker,Home,South,Bengaluru,4,87.06,0.05,Net Banking,Delivered,348.24,17.412000000000003,330.82800000000003,238.19616000000002,92.63184000000001,2025-02
ORD00593,2025-11-23,CUST0130,Jeans,Fashion,North,Jaipur,2,50.94,0.15,Debit Card,Cancelled,101.88,15.281999999999998,86.598,62.350559999999994,24.247440000000005,2025-11
ORD00594,2025-02-02,CUST0169,Smart Watch,Electronics,East,Patna,4,104.54,0.1,Net Banking,Delivered,418.16,41.816,376.34400000000005,270.96768000000003,105.37632000000002,2025-02
ORD00595,2025-06-15,CUST0105,Desk Lamp,Home,East,Patna,3,26.25,0.15,UPI,Delivered,78.75,11.8125,66.9375,48.195,18.7425,2025-06
ORD00596,2025-01-17,CUST0052,Headphones,Electronics,South,Bengaluru,4,61.79,0.0,Net Banking,Returned,247.16,0.0,247.16,177.9552,69.2048,2025-01
ORD00597,2025-09-27,CUST0160,T-Shirt,Fashion,West,Ahmedabad,5,21.14,0.05,Credit Card,Cancelled,105.7,5.285,100.415,72.2988,28.116200000000006,2025-09
ORD00598,2025-01-07,CUST0239,Notebook,Stationery,North,Delhi,4,8.55,0.0,Cash on Delivery,Returned,34.2,0.0,34.2,24.624000000000002,9.576,2025-01
ORD00599,2025-10-13,CUST0191,Laptop,Electronics,East,Bhubaneswar,3,680.6,0.0,Net Banking,Delivered,2041.8000000000002,0.0,2041.8000000000002,1470.096,571.7040000000002,2025-10
ORD00600,2025-02-06,CUST0214,Coffee Maker,Home,North,Jaipur,1,96.4,0.15,UPI,Delivered,96.4,14.46,81.94,58.99679999999999,22.943200000000004,2025-02
ORD00601,2025-09-30,CUST0099,Notebook,Stationery,South,Bengaluru,2,8.03,0.0,Net Banking,Returned,16.06,0.0,16.06,11.563199999999998,4.4968,2025-09
ORD00602,2025-02-24,CUST0197,Headphones,Electronics,West,Ahmedabad,5,63.52,0.1,Cash on Delivery,Delivered,317.6,31.760000000000005,285.84000000000003,205.80480000000003,80.0352,2025-02
ORD00603,2025-10-09,CUST0103,Headphones,Electronics,South,Hyderabad,3,66.64,0.15,Net Banking,Delivered,199.92000000000002,29.988,169.93200000000002,122.35104000000001,47.580960000000005,2025-10
ORD00604,2025-10-09,CUST0084,Running Shoes,Fashion,East,Bhubaneswar,4,78.17,0.1,Debit Card,Cancelled,312.68,31.268,281.41200000000003,202.61664000000002,78.79536000000002,2025-10
ORD00605,2025-07-12,CUST0197,Smart Watch,Electronics,South,Hyderabad,3,107.54,0.1,Cash on Delivery,Delivered,322.62,32.262,290.358,209.05776,81.30024,2025-07
ORD00606,2025-05-26,CUST0153,Laptop,Electronics,North,Delhi,5,612.05,0.05,UPI,Delivered,3060.25,153.01250000000002,2907.2375,2093.2110000000002,814.0264999999999,2025-05
ORD00607,2025-06-11,CUST0006,Smart Watch,Electronics,South,Hyderabad,3,117.38,0.15,Net Banking,Cancelled,352.14,52.821,299.31899999999996,215.50967999999997,83.80931999999999,2025-06
ORD00608,2025-02-18,CUST0010,Desk Lamp,Home,South,Chennai,3,26.46,0.05,Debit Card,Cancelled,79.38,3.969,75.411,54.29592,21.11508,2025-02
ORD00609,2025-05-12,CUST0208,Smart Watch,Electronics,South,Chennai,1,111.24,0.15,Credit Card,Returned,111.24,16.686,94.554,68.07888,26.475120000000004,2025-05
ORD00610,2025-09-05,CUST0045,Smartphone,Electronics,East,Bhubaneswar,5,441.47,0.0,Net Banking,Returned,2207.3500000000004,0.0,2207.3500000000004,1589.2920000000001,618.0580000000002,2025-09
ORD00611,2025-10-23,CUST0098,Backpack,Accessories,North,Delhi,1,48.04,0.05,Debit Card,Delivered,48.04,2.402,45.638,32.859359999999995,12.778640000000003,2025-10
ORD00612,2025-04-27,CUST0192,T-Shirt,Fashion,North,Lucknow,5,23.51,0.1,UPI,Delivered,117.55000000000001,11.755000000000003,105.79500000000002,76.17240000000001,29.622600000000006,2025-04
ORD00613,2025-06-13,CUST0139,Coffee Maker,Home,North,Lucknow,2,87.51,0.0,Credit Card,Delivered,175.02,0.0,175.02,126.01440000000001,49.0056,2025-06
ORD00614,2025-08-17,CUST0193,Office Chair,Furniture,West,Ahmedabad,5,145.11,0.0,Cash on Delivery,Delivered,725.5500000000001,0.0,725.5500000000001,522.3960000000001,203.154,2025-08
ORD00615,2025-03-09,CUST0087,T-Shirt,Fashion,South,Bengaluru,4,22.25,0.0,Net Banking,Delivered,89.0,0.0,89.0,64.08,24.92,2025-03
ORD00616,2025-07-24,CUST0129,Backpack,Accessories,North,Jaipur,2,46.89,0.1,Net Banking,Delivered,93.78,9.378,84.402,60.769439999999996,23.632560000000005,2025-07
ORD00617,2025-11-30,CUST0147,Jeans,Fashion,West,Mumbai,5,48.89,0.15,Credit Card,Delivered,244.45,36.6675,207.7825,149.6034,58.179100000000005,2025-11
ORD00618,2025-08-09,CUST0083,Smartphone,Electronics,East,Patna,5,392.42,0.1,Cash on Delivery,Delivered,1962.1000000000001,196.21000000000004,1765.89,1271.4408,494.4492,2025-08
ORD00619,2025-06-14,CUST0089,Running Shoes,Fashion,South,Hyderabad,1,78.24,0.0,Debit Card,Cancelled,78.24,0.0,78.24,56.33279999999999,21.907200000000003,2025-06
ORD00620,2025-08-14,CUST0012,Jeans,Fashion,South,Bengaluru,2,49.42,0.0,UPI,Delivered,98.84,0.0,98.84,71.1648,27.675200000000004,2025-08
ORD00621,2025-05-05,CUST0243,Notebook,Stationery,North,Lucknow,2,8.47,0.05,UPI,Delivered,16.94,0.8470000000000001,16.093,11.58696,4.5060400000000005,2025-05
ORD00622,2025-06-06,CUST0116,Notebook,Stationery,North,Jaipur,1,7.78,0.15,Credit Card,Delivered,7.78,1.167,6.613,4.76136,1.8516400000000006,2025-06
ORD00623,2025-10-08,CUST0124,Coffee Maker,Home,East,Patna,2,92.81,0.0,Cash on Delivery,Cancelled,185.62,0.0,185.62,133.6464,51.973600000000005,2025-10
ORD00624,2025-05-11,CUST0044,Office Chair,Furniture,North,Delhi,3,138.06,0.15,Debit Card,Delivered,414.18,62.126999999999995,352.053,253.47816,98.57484,2025-05
ORD00625,2025-02-04,CUST0100,Jeans,Fashion,North,Lucknow,3,49.25,0.05,UPI,Delivered,147.75,7.3875,140.3625,101.061,39.301500000000004,2025-02
ORD00626,2025-04-29,CUST0098,Backpack,Accessories,West,Ahmedabad,1,47.91,0.1,Net Banking,Cancelled,47.91,4.7909999999999995,43.119,31.045679999999997,12.073320000000002,2025-04
ORD00627,2025-04-12,CUST0129,Smartphone,Electronics,South,Chennai,5,448.65,0.0,UPI,Delivered,2243.25,0.0,2243.25,1615.1399999999999,628.1100000000001,2025-04
ORD00628,2025-06-20,CUST0126,Coffee Maker,Home,East,Bhubaneswar,2,83.06,0.05,Debit Card,Returned,166.12,8.306000000000001,157.814,113.62607999999999,44.187920000000005,2025-06
ORD00629,2025-09-14,CUST0071,Backpack,Accessories,South,Bengaluru,3,47.73,0.0,Net Banking,Delivered,143.19,0.0,143.19,103.09679999999999,40.09320000000001,2025-09
ORD00630,2025-06-24,CUST0230,Smart Watch,Electronics,South,Chennai,2,102.75,0.1,Net Banking,Returned,205.5,20.55,184.95,133.164,51.786,2025-06
ORD00631,2025-08-02,CUST0062,Desk Lamp,Home,South,Hyderabad,2,27.67,0.05,Net Banking,Delivered,55.34,2.7670000000000003,52.573,37.85256,14.720440000000004,2025-08
ORD00632,2025-04-16,CUST0168,Jeans,Fashion,South,Bengaluru,5,48.32,0.0,Credit Card,Delivered,241.6,0.0,241.6,173.952,67.648,2025-04
ORD00633,2025-08-09,CUST0233,Notebook,Stationery,South,Bengaluru,5,8.53,0.05,UPI,Cancelled,42.65,2.1325,40.5175,29.1726,11.344899999999999,2025-08
ORD00634,2025-04-05,CUST0082,Coffee Maker,Home,North,Delhi,1,93.82,0.1,Cash on Delivery,Delivered,93.82,9.382,84.43799999999999,60.79535999999999,23.64264,2025-04
ORD00635,2025-03-19,CUST0200,Jeans,Fashion,East,Kolkata,1,45.17,0.0,Net Banking,Cancelled,45.17,0.0,45.17,32.5224,12.647600000000004,2025-03
ORD00636,2025-11-02,CUST0060,Backpack,Accessories,South,Bengaluru,1,43.99,0.1,Credit Card,Cancelled,43.99,4.399,39.591,28.50552,11.08548,2025-11
ORD00637,2025-12-31,CUST0167,Desk Lamp,Home,West,Pune,2,29.58,0.1,Cash on Delivery,Delivered,59.16,5.916,53.244,38.335679999999996,14.908320000000003,2025-12
ORD00638,2025-04-26,CUST0009,Headphones,Electronics,South,Chennai,1,69.42,0.1,Credit Card,Returned,69.42,6.942,62.478,44.98416,17.49384,2025-04
ORD00639,2025-04-15,CUST0017,Office Chair,Furniture,South,Bengaluru,4,153.52,0.1,Debit Card,Delivered,614.08,61.40800000000001,552.672,397.92384,154.74816000000004,2025-04
ORD00640,2025-07-27,CUST0199,Smart Watch,Electronics,West,Mumbai,5,114.14,0.1,Debit Card,Delivered,570.7,57.07000000000001,513.63,369.8136,143.8164,2025-07
ORD00641,2025-09-24,CUST0028,Desk Lamp,Home,North,Jaipur,4,29.47,0.0,Credit Card,Cancelled,117.88,0.0,117.88,84.8736,33.0064,2025-09
ORD00642,2025-01-21,CUST0143,Coffee Maker,Home,West,Pune,5,93.82,0.0,Credit Card,Delivered,469.09999999999997,0.0,469.09999999999997,337.75199999999995,131.348,2025-01
ORD00643,2025-06-05,CUST0199,Jeans,Fashion,West,Pune,4,45.44,0.05,Net Banking,Delivered,181.76,9.088,172.672,124.32383999999999,48.34816000000001,2025-06
ORD00644,2025-08-26,CUST0213,Notebook,Stationery,South,Hyderabad,4,7.48,0.15,UPI,Delivered,29.92,4.488,25.432000000000002,18.311040000000002,7.12096,2025-08
ORD00645,2025-07-21,CUST0106,Desk Lamp,Home,South,Chennai,4,25.87,0.1,Net Banking,Returned,103.48,10.348,93.132,67.05504,26.07696,2025-07
ORD00646,2025-02-16,CUST0065,Smart Watch,Electronics,West,Pune,2,113.84,0.0,UPI,Delivered,227.68,0.0,227.68,163.9296,63.75040000000001,2025-02
ORD00647,2025-11-21,CUST0093,Notebook,Stationery,West,Mumbai,5,8.27,0.15,Net Banking,Delivered,41.349999999999994,6.202499999999999,35.147499999999994,25.306199999999993,9.8413,2025-11
ORD00648,2025-01-23,CUST0197,T-Shirt,Fashion,West,Mumbai,3,22.23,0.0,Credit Card,Delivered,66.69,0.0,66.69,48.016799999999996,18.6732,2025-01
ORD00649,2025-08-03,CUST0079,Headphones,Electronics,North,Jaipur,4,62.8,0.0,UPI,Delivered,251.2,0.0,251.2,180.86399999999998,70.33600000000001,2025-08
ORD00650,2025-11-15,CUST0196,Smart Watch,Electronics,North,Jaipur,1,109.27,0.1,Net Banking,Delivered,109.27,10.927,98.34299999999999,70.80695999999999,27.53604,2025-11
ORD00651,2025-05-02,CUST0056,Desk Lamp,Home,West,Ahmedabad,4,27.79,0.1,UPI,Cancelled,111.16,11.116,100.044,72.03168,28.012320000000003,2025-05
ORD00652,2025-05-06,CUST0226,Desk Lamp,Home,North,Lucknow,3,28.54,0.15,Credit Card,Delivered,85.62,12.843,72.777,52.39944,20.377560000000003,2025-05
ORD00653,2025-01-29,CUST0168,Headphones,Electronics,South,Chennai,1,61.31,0.0,Net Banking,Cancelled,61.31,0.0,61.31,44.1432,17.166800000000002,2025-01
ORD00654,2025-02-14,CUST0013,Backpack,Accessories,East,Kolkata,4,48.55,0.0,Debit Card,Cancelled,194.2,0.0,194.2,139.82399999999998,54.376000000000005,2025-02
ORD00655,2025-08-22,CUST0192,Office Chair,Furniture,South,Hyderabad,3,155.01,0.0,Debit Card,Delivered,465.03,0.0,465.03,334.8216,130.20839999999998,2025-08
ORD00656,2025-02-04,CUST0195,Running Shoes,Fashion,West,Pune,5,69.78,0.1,Credit Card,Delivered,348.9,34.89,314.01,226.0872,87.9228,2025-02
ORD00657,2025-06-18,CUST0135,Notebook,Stationery,East,Bhubaneswar,5,7.63,0.0,Net Banking,Delivered,38.15,0.0,38.15,27.467999999999996,10.682000000000002,2025-06
ORD00658,2025-09-05,CUST0186,Smartphone,Electronics,North,Lucknow,5,449.16,0.05,Cash on Delivery,Cancelled,2245.8,112.29000000000002,2133.51,1536.1272000000001,597.3828000000001,2025-09
ORD00659,2025-09-27,CUST0148,Running Shoes,Fashion,East,Patna,3,80.13,0.15,Net Banking,Delivered,240.39,36.058499999999995,204.3315,147.11868,57.212819999999994,2025-09
ORD00660,2025-09-10,CUST0207,Coffee Maker,Home,West,Mumbai,5,86.15,0.05,Credit Card,Delivered,430.75,21.5375,409.2125,294.633,114.5795,2025-09
ORD00661,2025-08-27,CUST0161,Smartphone,Electronics,North,Delhi,2,440.13,0.1,Cash on Delivery,Delivered,880.26,88.02600000000001,792.2339999999999,570.4084799999999,221.82551999999998,2025-08
ORD00662,2025-10-14,CUST0207,Running Shoes,Fashion,East,Patna,2,69.14,0.0,Debit Card,Delivered,138.28,0.0,138.28,99.5616,38.7184,2025-10
ORD00663,2025-06-03,CUST0130,Smartphone,Electronics,East,Patna,3,437.94,0.0,Debit Card,Delivered,1313.82,0.0,1313.82,945.9504,367.8696,2025-06
ORD00664,2025-03-31,CUST0050,T-Shirt,Fashion,North,Jaipur,3,23.49,0.1,Cash on Delivery,Delivered,70.47,7.047000000000001,63.423,45.66456,17.75844,2025-03
ORD00665,2025-09-04,CUST0040,Office Chair,Furniture,South,Hyderabad,4,154.1,0.15,Debit Card,Delivered,616.4,92.46,523.9399999999999,377.23679999999996,146.70319999999998,2025-09
ORD00666,2025-09-24,CUST0077,T-Shirt,Fashion,North,Lucknow,3,22.19,0.0,Credit Card,Cancelled,66.57000000000001,0.0,66.57000000000001,47.930400000000006,18.6396,2025-09
ORD00667,2025-07-01,CUST0017,Office Chair,Furniture,East,Kolkata,3,152.91,0.05,Cash on Delivery,Returned,458.73,22.936500000000002,435.7935,313.77132,122.02217999999999,2025-07
ORD00668,2025-10-20,CUST0156,Coffee Maker,Home,South,Chennai,2,91.37,0.05,Debit Card,Returned,182.74,9.137,173.603,124.99416000000001,48.60884,2025-10
ORD00669,2025-07-31,CUST0023,Laptop,Electronics,East,Bhubaneswar,2,636.64,0.05,Credit Card,Cancelled,1273.28,63.664,1209.616,870.9235199999999,338.69248000000005,2025-07
ORD00670,2025-02-27,CUST0096,Backpack,Accessories,South,Bengaluru,2,47.98,0.1,Net Banking,Delivered,95.96,9.596,86.36399999999999,62.18207999999999,24.181919999999998,2025-02
ORD00671,2025-04-08,CUST0088,Jeans,Fashion,South,Chennai,5,46.54,0.05,Credit Card,Delivered,232.7,11.635,221.065,159.1668,61.8982,2025-04
ORD00672,2025-04-16,CUST0186,Coffee Maker,Home,South,Bengaluru,4,88.38,0.15,UPI,Delivered,353.52,53.028,300.49199999999996,216.35423999999998,84.13775999999999,2025-04
ORD00673,2025-12-18,CUST0218,Backpack,Accessories,North,Lucknow,1,43.8,0.0,UPI,Cancelled,43.8,0.0,43.8,31.535999999999998,12.264,2025-12
ORD00674,2025-01-12,CUST0148,Office Chair,Furniture,East,Bhubaneswar,2,140.84,0.0,Debit Card,Delivered,281.68,0.0,281.68,202.8096,78.87040000000002,2025-01
ORD00675,2025-08-14,CUST0172,Coffee Maker,Home,East,Kolkata,3,84.95,0.05,UPI,Delivered,254.85000000000002,12.742500000000001,242.10750000000002,174.3174,67.79010000000002,2025-08
ORD00676,2025-04-16,CUST0139,Desk Lamp,Home,North,Jaipur,5,27.19,0.0,Debit Card,Cancelled,135.95000000000002,0.0,135.95000000000002,97.88400000000001,38.066,2025-04
ORD00677,2025-02-06,CUST0080,Smart Watch,Electronics,South,Hyderabad,3,110.71,0.0,Credit Card,Delivered,332.13,0.0,332.13,239.1336,92.9964,2025-02
ORD00678,2025-02-24,CUST0099,Jeans,Fashion,North,Delhi,1,47.44,0.0,Net Banking,Cancelled,47.44,0.0,47.44,34.1568,13.2832,2025-02
ORD00679,2025-11-12,CUST0092,Office Chair,Furniture,West,Pune,3,152.36,0.15,UPI,Delivered,457.08000000000004,68.562,388.51800000000003,279.73296,108.78504000000004,2025-11
ORD00680,2025-02-17,CUST0209,Desk Lamp,Home,South,Hyderabad,4,26.2,0.05,Cash on Delivery,Delivered,104.8,5.24,99.56,71.6832,27.876800000000003,2025-02
ORD00681,2025-03-15,CUST0221,Smart Watch,Electronics,South,Hyderabad,3,117.27,0.1,Credit Card,Returned,351.81,35.181000000000004,316.629,227.97288,88.65612000000002,2025-03
ORD00682,2025-06-16,CUST0117,Office Chair,Furniture,East,Bhubaneswar,1,134.92,0.0,Debit Card,Delivered,134.92,0.0,134.92,97.14239999999998,37.77760000000001,2025-06
ORD00683,2025-05-25,CUST0197,Jeans,Fashion,South,Chennai,5,48.57,0.15,UPI,Delivered,242.85,36.427499999999995,206.4225,148.6242,57.79830000000001,2025-05
ORD00684,2025-06-16,CUST0143,Notebook,Stationery,North,Lucknow,1,8.37,0.15,Cash on Delivery,Delivered,8.37,1.2554999999999998,7.1145,5.122439999999999,1.9920600000000004,2025-06
ORD00685,2025-05-03,CUST0159,Desk Lamp,Home,West,Mumbai,5,26.47,0.1,Cash on Delivery,Delivered,132.35,13.235,119.115,85.7628,33.352199999999996,2025-05
ORD00686,2025-12-22,CUST0152,Running Shoes,Fashion,South,Chennai,4,75.81,0.05,Net Banking,Returned,303.24,15.162,288.07800000000003,207.41616000000002,80.66184000000001,2025-12
ORD00687,2025-12-06,CUST0172,Smart Watch,Electronics,South,Bengaluru,5,115.93,0.0,Net Banking,Cancelled,579.6500000000001,0.0,579.6500000000001,417.34800000000007,162.30200000000002,2025-12
ORD00688,2025-10-12,CUST0025,Jeans,Fashion,East,Bhubaneswar,2,46.53,0.1,UPI,Cancelled,93.06,9.306000000000001,83.754,60.30288,23.451120000000003,2025-10
ORD00689,2025-06-17,CUST0127,Smartphone,Electronics,West,Ahmedabad,1,392.48,0.0,Net Banking,Returned,392.48,0.0,392.48,282.5856,109.89440000000002,2025-06
ORD00690,2025-12-05,CUST0039,Laptop,Electronics,South,Chennai,5,628.32,0.15,Net Banking,Delivered,3141.6000000000004,471.24,2670.3600000000006,1922.6592000000003,747.7008000000003,2025-12
ORD00691,2025-12-15,CUST0225,Smart Watch,Electronics,South,Chennai,3,111.24,0.05,Cash on Delivery,Returned,333.71999999999997,16.686,317.034,228.26448,88.76952,2025-12
ORD00692,2025-10-26,CUST0003,Running Shoes,Fashion,North,Lucknow,5,73.85,0.0,Debit Card,Delivered,369.25,0.0,369.25,265.86,103.38999999999999,2025-10
ORD00693,2025-01-01,CUST0181,Running Shoes,Fashion,North,Lucknow,3,70.32,0.05,UPI,Delivered,210.95999999999998,10.548,200.41199999999998,144.29663999999997,56.11536000000001,2025-01
ORD00694,2025-11-17,CUST0082,T-Shirt,Fashion,West,Ahmedabad,4,21.67,0.1,Net Banking,Delivered,86.68,8.668000000000001,78.012,56.168639999999996,21.843360000000004,2025-11
ORD00695,2025-09-01,CUST0036,Office Chair,Furniture,South,Bengaluru,5,142.32,0.05,Cash on Delivery,Delivered,711.5999999999999,35.58,676.0199999999999,486.7343999999999,189.2856,2025-09
ORD00696,2025-03-10,CUST0003,Backpack,Accessories,South,Bengaluru,1,42.44,0.1,Cash on Delivery,Delivered,42.44,4.244,38.196,27.501119999999997,10.694880000000001,2025-03
ORD00697,2025-11-25,CUST0207,Smartphone,Electronics,South,Chennai,4,446.45,0.15,Cash on Delivery,Cancelled,1785.8,267.87,1517.9299999999998,1092.9096,425.0203999999999,2025-11
ORD00698,2025-09-18,CUST0109,Headphones,Electronics,West,Ahmedabad,4,63.8,0.0,Credit Card,Delivered,255.2,0.0,255.2,183.74399999999997,71.45600000000002,2025-09
ORD00699,2025-10-23,CUST0128,Desk Lamp,Home,North,Lucknow,2,28.95,0.05,Cash on Delivery,Cancelled,57.9,2.895,55.004999999999995,39.60359999999999,15.401400000000002,2025-10
ORD00700,2025-01-18,CUST0010,Desk Lamp,Home,East,Patna,4,28.92,0.0,Net Banking,Delivered,115.68,0.0,115.68,83.28960000000001,32.3904,2025-01
ORD00701,2025-03-14,CUST0187,Notebook,Stationery,North,Lucknow,5,8.62,0.05,Cash on Delivery,Cancelled,43.099999999999994,2.155,40.94499999999999,29.480399999999992,11.4646,2025-03
ORD00702,2025-05-06,CUST0121,Smartphone,Electronics,North,Lucknow,1,432.37,0.15,Net Banking,Delivered,432.37,64.85549999999999,367.5145,264.61044,102.90406000000002,2025-05
ORD00703,2025-06-25,CUST0137,Desk Lamp,Home,North,Delhi,4,27.79,0.1,Net Banking,Returned,111.16,11.116,100.044,72.03168,28.012320000000003,2025-06
ORD00704,2025-06-30,CUST0246,Running Shoes,Fashion,West,Pune,3,71.01,0.15,Debit Card,Returned,213.03000000000003,31.954500000000003,181.07550000000003,130.37436000000002,50.70114000000001,2025-06
ORD00705,2025-02-01,CUST0162,Desk Lamp,Home,East,Bhubaneswar,5,26.52,0.0,Debit Card,Returned,132.6,0.0,132.6,95.472,37.128,2025-02
ORD00706,2025-05-27,CUST0125,Desk Lamp,Home,North,Delhi,2,28.03,0.05,Debit Card,Delivered,56.06,2.8030000000000004,53.257000000000005,38.345040000000004,14.91196,2025-05
ORD00707,2025-05-21,CUST0220,Desk Lamp,Home,East,Bhubaneswar,1,29.08,0.15,Credit Card,Cancelled,29.08,4.361999999999999,24.718,17.79696,6.921040000000001,2025-05
ORD00708,2025-12-04,CUST0115,Notebook,Stationery,South,Chennai,2,7.69,0.0,Cash on Delivery,Delivered,15.38,0.0,15.38,11.0736,4.3064,2025-12
ORD00709,2025-06-25,CUST0022,Coffee Maker,Home,North,Delhi,5,96.25,0.0,Cash on Delivery,Delivered,481.25,0.0,481.25,346.5,134.75,2025-06
ORD00710,2025-12-05,CUST0113,T-Shirt,Fashion,South,Hyderabad,2,20.98,0.05,UPI,Returned,41.96,2.0980000000000003,39.862,28.70064,11.161360000000002,2025-12
ORD00711,2025-01-27,CUST0043,Backpack,Accessories,North,Jaipur,4,44.83,0.1,Net Banking,Delivered,179.32,17.932,161.388,116.19936,45.18864000000001,2025-01
ORD00712,2025-08-31,CUST0068,T-Shirt,Fashion,West,Mumbai,5,23.3,0.0,Debit Card,Delivered,116.5,0.0,116.5,83.88,32.620000000000005,2025-08
ORD00713,2025-09-29,CUST0175,T-Shirt,Fashion,East,Kolkata,1,23.47,0.05,Cash on Delivery,Cancelled,23.47,1.1735,22.296499999999998,16.053479999999997,6.243020000000001,2025-09
ORD00714,2025-06-21,CUST0070,Office Chair,Furniture,East,Bhubaneswar,1,139.32,0.15,Cash on Delivery,Delivered,139.32,20.898,118.422,85.26383999999999,33.15816000000001,2025-06
ORD00715,2025-12-11,CUST0151,Office Chair,Furniture,South,Bengaluru,5,141.23,0.0,Debit Card,Cancelled,706.15,0.0,706.15,508.42799999999994,197.72200000000004,2025-12
ORD00716,2025-02-04,CUST0004,Laptop,Electronics,North,Jaipur,1,652.63,0.1,Debit Card,Delivered,652.63,65.263,587.367,422.90423999999996,164.46276,2025-02
ORD00717,2025-05-09,CUST0050,Notebook,Stationery,East,Kolkata,1,8.15,0.0,Net Banking,Returned,8.15,0.0,8.15,5.868,2.282,2025-05
ORD00718,2025-12-29,CUST0246,Smart Watch,Electronics,North,Delhi,1,116.27,0.0,Cash on Delivery,Returned,116.27,0.0,116.27,83.7144,32.5556,2025-12
ORD00719,2025-02-26,CUST0179,Office Chair,Furniture,South,Bengaluru,3,140.23,0.0,Cash on Delivery,Delivered,420.68999999999994,0.0,420.68999999999994,302.8967999999999,117.79320000000001,2025-02
ORD00720,2025-05-12,CUST0042,T-Shirt,Fashion,East,Kolkata,3,22.98,0.1,Cash on Delivery,Delivered,68.94,6.894,62.046,44.67312,17.372880000000002,2025-05
ORD00721,2025-05-16,CUST0046,Laptop,Electronics,East,Bhubaneswar,1,649.14,0.0,Net Banking,Delivered,649.14,0.0,649.14,467.38079999999997,181.75920000000002,2025-05
ORD00722,2025-02-25,CUST0037,Headphones,Electronics,West,Ahmedabad,4,62.07,0.0,Cash on Delivery,Returned,248.28,0.0,248.28,178.7616,69.51840000000001,2025-02
ORD00723,2025-01-18,CUST0019,Backpack,Accessories,North,Delhi,5,46.64,0.1,UPI,Delivered,233.2,23.32,209.88,151.1136,58.766400000000004,2025-01
ORD00724,2025-01-20,CUST0171,Headphones,Electronics,North,Jaipur,3,61.38,0.05,Cash on Delivery,Cancelled,184.14000000000001,9.207,174.93300000000002,125.95176000000001,48.981240000000014,2025-01
ORD00725,2025-09-02,CUST0112,Laptop,Electronics,West,Pune,1,654.17,0.0,Cash on Delivery,Returned,654.17,0.0,654.17,471.00239999999997,183.1676,2025-09
ORD00726,2025-10-18,CUST0138,Jeans,Fashion,North,Jaipur,3,49.4,0.1,UPI,Returned,148.2,14.82,133.38,96.03359999999999,37.3464,2025-10
ORD00727,2025-07-07,CUST0137,Office Chair,Furniture,North,Jaipur,1,152.92,0.05,Credit Card,Delivered,152.92,7.646,145.274,104.59728,40.67672,2025-07
ORD00728,2025-07-16,CUST0170,Coffee Maker,Home,North,Delhi,3,92.82,0.0,Debit Card,Delivered,278.46,0.0,278.46,200.49119999999996,77.96880000000002,2025-07
ORD00729,2025-04-08,CUST0036,Smartphone,Electronics,West,Mumbai,2,388.1,0.15,Credit Card,Delivered,776.2,116.43,659.77,475.03439999999995,184.73560000000003,2025-04
ORD00730,2025-10-04,CUST0165,T-Shirt,Fashion,North,Jaipur,4,22.12,0.1,UPI,Delivered,88.48,8.848,79.632,57.33504,22.296960000000006,2025-10
ORD00731,2025-06-22,CUST0202,Running Shoes,Fashion,North,Lucknow,1,73.87,0.0,Net Banking,Delivered,73.87,0.0,73.87,53.1864,20.683600000000006,2025-06
ORD00732,2025-10-24,CUST0060,Office Chair,Furniture,South,Bengaluru,1,150.46,0.1,UPI,Delivered,150.46,15.046000000000001,135.41400000000002,97.49808,37.915920000000014,2025-10
ORD00733,2025-05-05,CUST0180,Desk Lamp,Home,North,Lucknow,2,25.82,0.0,Debit Card,Delivered,51.64,0.0,51.64,37.1808,14.459200000000003,2025-05
ORD00734,2025-10-30,CUST0017,Jeans,Fashion,South,Bengaluru,1,47.98,0.15,Credit Card,Delivered,47.98,7.196999999999999,40.783,29.36376,11.419240000000002,2025-10
ORD00735,2025-06-22,CUST0208,Smart Watch,Electronics,West,Ahmedabad,4,106.91,0.15,Net Banking,Delivered,427.64,64.146,363.49399999999997,261.71567999999996,101.77832000000001,2025-06
ORD00736,2025-01-24,CUST0152,Running Shoes,Fashion,South,Bengaluru,3,69.76,0.05,Credit Card,Delivered,209.28000000000003,10.464000000000002,198.81600000000003,143.14752000000001,55.66848000000002,2025-01
ORD00737,2025-10-11,CUST0043,Headphones,Electronics,East,Bhubaneswar,2,69.43,0.0,Credit Card,Delivered,138.86,0.0,138.86,99.9792,38.88080000000001,2025-10
ORD00738,2025-03-22,CUST0005,Office Chair,Furniture,West,Pune,1,133.55,0.0,UPI,Returned,133.55,0.0,133.55,96.156,37.394000000000005,2025-03
ORD00739,2025-08-02,CUST0178,Office Chair,Furniture,East,Bhubaneswar,2,138.18,0.05,Net Banking,Delivered,276.36,13.818000000000001,262.54200000000003,189.03024000000002,73.51176000000001,2025-08
ORD00740,2025-03-31,CUST0157,T-Shirt,Fashion,South,Hyderabad,1,22.34,0.1,Net Banking,Delivered,22.34,2.234,20.106,14.476320000000001,5.6296800000000005,2025-03
ORD00741,2025-06-28,CUST0108,Office Chair,Furniture,East,Kolkata,5,138.87,0.0,Net Banking,Delivered,694.35,0.0,694.35,499.932,194.418,2025-06
ORD00742,2025-10-04,CUST0130,Desk Lamp,Home,East,Kolkata,4,29.21,0.0,Debit Card,Delivered,116.84,0.0,116.84,84.1248,32.71520000000001,2025-10
ORD00743,2025-03-18,CUST0176,Smart Watch,Electronics,North,Jaipur,4,104.3,0.0,UPI,Returned,417.2,0.0,417.2,300.38399999999996,116.81600000000003,2025-03
ORD00744,2025-04-18,CUST0112,Running Shoes,Fashion,East,Bhubaneswar,3,76.4,0.1,UPI,Delivered,229.20000000000002,22.92,206.28000000000003,148.5216,57.75840000000002,2025-04
ORD00745,2025-10-03,CUST0046,Notebook,Stationery,North,Delhi,1,7.98,0.0,UPI,Delivered,7.98,0.0,7.98,5.7456000000000005,2.2344,2025-10
ORD00746,2025-10-31,CUST0149,Notebook,Stationery,West,Pune,4,7.61,0.05,Credit Card,Delivered,30.44,1.5220000000000002,28.918,20.82096,8.09704,2025-10
ORD00747,2025-02-20,CUST0061,Running Shoes,Fashion,South,Hyderabad,4,79.44,0.1,Credit Card,Delivered,317.76,31.776,285.984,205.90847999999997,80.07552000000001,2025-02
ORD00748,2025-01-28,CUST0228,Jeans,Fashion,West,Pune,2,45.82,0.15,Cash on Delivery,Delivered,91.64,13.746,77.894,56.08368,21.810320000000004,2025-01
ORD00749,2025-03-11,CUST0118,T-Shirt,Fashion,East,Patna,2,22.46,0.05,Credit Card,Delivered,44.92,2.246,42.674,30.725279999999998,11.948720000000002,2025-03
ORD00750,2025-12-21,CUST0146,Headphones,Electronics,North,Delhi,3,61.22,0.1,Cash on Delivery,Delivered,183.66,18.366,165.29399999999998,119.01167999999998,46.28232,2025-12
ORD00751,2025-04-23,CUST0227,Headphones,Electronics,East,Bhubaneswar,5,61.43,0.15,Credit Card,Cancelled,307.15,46.0725,261.0775,187.9758,73.1017,2025-04
ORD00752,2025-02-14,CUST0106,Coffee Maker,Home,South,Hyderabad,4,95.22,0.0,Net Banking,Delivered,380.88,0.0,380.88,274.23359999999997,106.64640000000003,2025-02
ORD00753,2025-01-08,CUST0187,Jeans,Fashion,East,Bhubaneswar,2,46.06,0.1,Net Banking,Delivered,92.12,9.212000000000002,82.908,59.69376,23.214240000000004,2025-01
ORD00754,2025-10-21,CUST0230,Desk Lamp,Home,South,Bengaluru,4,30.15,0.0,Cash on Delivery,Returned,120.6,0.0,120.6,86.832,33.768,2025-10
ORD00755,2025-08-06,CUST0136,Coffee Maker,Home,North,Jaipur,4,94.46,0.0,Cash on Delivery,Delivered,377.84,0.0,377.84,272.04479999999995,105.79520000000002,2025-08
ORD00756,2025-10-13,CUST0193,Smart Watch,Electronics,North,Delhi,4,117.92,0.0,Debit Card,Delivered,471.68,0.0,471.68,339.6096,132.0704,2025-10
ORD00757,2025-01-09,CUST0123,Smart Watch,Electronics,North,Lucknow,3,104.05,0.1,Net Banking,Returned,312.15,31.215,280.935,202.2732,78.6618,2025-01
ORD00758,2025-08-21,CUST0119,Desk Lamp,Home,North,Delhi,4,26.59,0.05,Cash on Delivery,Returned,106.36,5.3180000000000005,101.042,72.75024,28.291759999999996,2025-08
ORD00759,2025-11-18,CUST0019,Office Chair,Furniture,North,Jaipur,3,145.72,0.05,Cash on Delivery,Delivered,437.15999999999997,21.858,415.30199999999996,299.01743999999997,116.28456,2025-11
ORD00760,2025-12-17,CUST0021,Notebook,Stationery,South,Hyderabad,3,8.3,0.0,Net Banking,Returned,24.900000000000002,0.0,24.900000000000002,17.928,6.972000000000001,2025-12
ORD00761,2025-02-26,CUST0099,Running Shoes,Fashion,North,Jaipur,4,76.43,0.05,Debit Card,Delivered,305.72,15.286000000000001,290.434,209.11248,81.32152000000002,2025-02
ORD00762,2025-10-15,CUST0182,Office Chair,Furniture,North,Delhi,2,156.17,0.0,Net Banking,Delivered,312.34,0.0,312.34,224.88479999999998,87.45519999999999,2025-10
ORD00763,2025-10-25,CUST0224,Office Chair,Furniture,West,Ahmedabad,2,150.87,0.0,Debit Card,Delivered,301.74,0.0,301.74,217.2528,84.4872,2025-10
ORD00764,2025-05-22,CUST0014,Backpack,Accessories,West,Mumbai,3,43.89,0.1,Net Banking,Cancelled,131.67000000000002,13.167000000000002,118.50300000000001,85.32216000000001,33.18084,2025-05
ORD00765,2025-12-30,CUST0137,Smartphone,Electronics,West,Ahmedabad,5,446.84,0.1,Net Banking,Delivered,2234.2,223.42,2010.7799999999997,1447.7615999999998,563.0183999999999,2025-12
ORD00766,2025-04-07,CUST0229,Office Chair,Furniture,North,Jaipur,1,135.26,0.0,Debit Card,Delivered,135.26,0.0,135.26,97.38719999999999,37.8728,2025-04
ORD00767,2025-05-22,CUST0029,Smartphone,Electronics,South,Hyderabad,2,419.75,0.0,Net Banking,Returned,839.5,0.0,839.5,604.4399999999999,235.06000000000006,2025-05
ORD00768,2025-08-02,CUST0249,Laptop,Electronics,East,Patna,5,694.9,0.1,Debit Card,Delivered,3474.5,347.45000000000005,3127.05,2251.476,875.5740000000001,2025-08
ORD00769,2025-05-30,CUST0049,Jeans,Fashion,North,Delhi,1,50.86,0.0,Net Banking,Returned,50.86,0.0,50.86,36.6192,14.2408,2025-05
ORD00770,2025-10-24,CUST0088,Running Shoes,Fashion,West,Ahmedabad,3,74.83,0.15,Net Banking,Delivered,224.49,33.6735,190.81650000000002,137.38788,53.42862000000002,2025-10
ORD00771,2025-10-18,CUST0034,Jeans,Fashion,East,Bhubaneswar,2,50.22,0.0,Cash on Delivery,Delivered,100.44,0.0,100.44,72.3168,28.123199999999997,2025-10
ORD00772,2025-03-17,CUST0091,Backpack,Accessories,North,Jaipur,4,48.28,0.15,Credit Card,Returned,193.12,28.968,164.15200000000002,118.18944,45.96256000000001,2025-03
ORD00773,2025-04-04,CUST0250,Coffee Maker,Home,East,Kolkata,2,85.12,0.0,UPI,Delivered,170.24,0.0,170.24,122.5728,47.66720000000001,2025-04
ORD00774,2025-08-14,CUST0067,Desk Lamp,Home,South,Chennai,2,26.68,0.0,Debit Card,Delivered,53.36,0.0,53.36,38.4192,14.940800000000003,2025-08
ORD00775,2025-08-18,CUST0139,Headphones,Electronics,East,Kolkata,5,62.94,0.0,Cash on Delivery,Delivered,314.7,0.0,314.7,226.58399999999997,88.11600000000001,2025-08
ORD00776,2025-06-13,CUST0040,Headphones,Electronics,West,Mumbai,5,69.95,0.05,Debit Card,Delivered,349.75,17.4875,332.2625,239.22899999999998,93.0335,2025-06
ORD00777,2025-10-17,CUST0187,Backpack,Accessories,South,Chennai,3,46.36,0.1,UPI,Delivered,139.07999999999998,13.908,125.17199999999998,90.12383999999999,35.048159999999996,2025-10
ORD00778,2025-06-07,CUST0007,Office Chair,Furniture,North,Jaipur,5,152.91,0.1,Debit Card,Delivered,764.55,76.455,688.0949999999999,495.4283999999999,192.66660000000002,2025-06
ORD00779,2025-11-08,CUST0165,Running Shoes,Fashion,North,Delhi,5,75.32,0.05,Credit Card,Delivered,376.59999999999997,18.83,357.77,257.59439999999995,100.17560000000003,2025-11
ORD00780,2025-12-13,CUST0172,Smartphone,Electronics,West,Mumbai,5,412.91,0.1,Debit Card,Cancelled,2064.55,206.45500000000004,1858.0950000000003,1337.8284,520.2666000000002,2025-12
ORD00781,2025-12-08,CUST0093,Desk Lamp,Home,North,Jaipur,2,28.97,0.1,Debit Card,Delivered,57.94,5.7940000000000005,52.146,37.54512,14.600880000000004,2025-12
ORD00782,2025-05-26,CUST0089,Running Shoes,Fashion,North,Jaipur,3,80.73,0.15,UPI,Delivered,242.19,36.3285,205.8615,148.22028,57.641220000000004,2025-05
ORD00783,2025-08-01,CUST0206,Notebook,Stationery,West,Pune,3,7.57,0.1,Cash on Delivery,Delivered,22.71,2.2710000000000004,20.439,14.71608,5.72292,2025-08
ORD00784,2025-03-15,CUST0054,Desk Lamp,Home,North,Jaipur,4,30.19,0.15,Debit Card,Delivered,120.76,18.114,102.646,73.90512,28.740880000000004,2025-03
ORD00785,2025-02-15,CUST0002,Desk Lamp,Home,West,Pune,3,27.62,0.15,Cash on Delivery,Returned,82.86,12.429,70.431,50.710319999999996,19.72068,2025-02
ORD00786,2025-04-13,CUST0048,Desk Lamp,Home,South,Chennai,3,28.24,0.0,Debit Card,Cancelled,84.72,0.0,84.72,60.9984,23.721600000000002,2025-04
ORD00787,2025-10-14,CUST0190,Backpack,Accessories,West,Pune,2,41.59,0.0,Credit Card,Delivered,83.18,0.0,83.18,59.8896,23.290400000000005,2025-10
ORD00788,2025-03-05,CUST0168,Backpack,Accessories,West,Ahmedabad,3,44.4,0.1,Credit Card,Delivered,133.2,13.32,119.88,86.3136,33.5664,2025-03
ORD00789,2025-09-10,CUST0249,Smartphone,Electronics,East,Kolkata,5,436.5,0.15,Cash on Delivery,Cancelled,2182.5,327.375,1855.125,1335.69,519.435,2025-09
ORD00790,2025-11-18,CUST0176,T-Shirt,Fashion,East,Bhubaneswar,1,21.55,0.15,UPI,Delivered,21.55,3.2325,18.317500000000003,13.188600000000001,5.128900000000002,2025-11
ORD00791,2025-03-16,CUST0082,Headphones,Electronics,North,Jaipur,2,63.52,0.0,Debit Card,Delivered,127.04,0.0,127.04,91.4688,35.571200000000005,2025-03
ORD00792,2025-01-25,CUST0075,T-Shirt,Fashion,East,Bhubaneswar,5,22.49,0.0,Net Banking,Delivered,112.44999999999999,0.0,112.44999999999999,80.96399999999998,31.486000000000004,2025-01
ORD00793,2025-02-18,CUST0154,Office Chair,Furniture,South,Bengaluru,5,140.88,0.05,Debit Card,Delivered,704.4,35.22,669.18,481.80959999999993,187.37040000000002,2025-02
ORD00794,2025-02-19,CUST0137,Office Chair,Furniture,East,Patna,3,152.5,0.0,Credit Card,Cancelled,457.5,0.0,457.5,329.4,128.10000000000002,2025-02
ORD00795,2025-09-06,CUST0106,Backpack,Accessories,East,Bhubaneswar,2,42.14,0.0,Net Banking,Delivered,84.28,0.0,84.28,60.681599999999996,23.598400000000005,2025-09
ORD00796,2025-08-02,CUST0118,Smart Watch,Electronics,North,Delhi,1,115.61,0.0,Cash on Delivery,Delivered,115.61,0.0,115.61,83.2392,32.3708,2025-08
ORD00797,2025-03-13,CUST0210,Backpack,Accessories,East,Bhubaneswar,5,45.17,0.05,Credit Card,Returned,225.85000000000002,11.292500000000002,214.55750000000003,154.4814,60.076100000000025,2025-03
ORD00798,2025-03-02,CUST0057,Backpack,Accessories,North,Delhi,2,46.35,0.05,Credit Card,Delivered,92.7,4.635000000000001,88.065,63.4068,24.6582,2025-03
ORD00799,2025-08-06,CUST0177,Headphones,Electronics,North,Delhi,1,60.0,0.1,Cash on Delivery,Delivered,60.0,6.0,54.0,38.879999999999995,15.120000000000005,2025-08
ORD00800,2025-01-17,CUST0204,Smart Watch,Electronics,North,Lucknow,5,111.64,0.1,UPI,Delivered,558.2,55.82000000000001,502.38000000000005,361.71360000000004,140.6664,2025-01
ORD00801,2025-06-04,CUST0171,Laptop,Electronics,North,Delhi,1,679.37,0.15,Credit Card,Cancelled,679.37,101.9055,577.4645,415.77444,161.69006000000002,2025-06
ORD00802,2025-12-10,CUST0090,Smart Watch,Electronics,South,Bengaluru,1,103.76,0.05,Net Banking,Delivered,103.76,5.188000000000001,98.572,70.97184,27.600160000000002,2025-12
ORD00803,2025-09-14,CUST0200,Running Shoes,Fashion,South,Hyderabad,5,71.9,0.15,UPI,Delivered,359.5,53.925,305.575,220.01399999999998,85.561,2025-09
ORD00804,2025-09-28,CUST0056,Desk Lamp,Home,North,Lucknow,2,30.08,0.0,Net Banking,Delivered,60.16,0.0,60.16,43.3152,16.8448,2025-09
ORD00805,2025-04-20,CUST0236,Notebook,Stationery,North,Lucknow,4,7.83,0.15,Credit Card,Delivered,31.32,4.6979999999999995,26.622,19.167839999999998,7.454160000000002,2025-04
ORD00806,2025-04-03,CUST0214,Office Chair,Furniture,North,Jaipur,4,143.24,0.15,Credit Card,Delivered,572.96,85.944,487.016,350.65152,136.36448000000001,2025-04
ORD00807,2025-03-05,CUST0120,Smartphone,Electronics,East,Kolkata,5,395.53,0.05,Debit Card,Cancelled,1977.6499999999999,98.8825,1878.7675,1352.7125999999998,526.0549000000001,2025-03
ORD00808,2025-02-12,CUST0084,Notebook,Stationery,North,Jaipur,1,7.85,0.1,Net Banking,Returned,7.85,0.785,7.0649999999999995,5.086799999999999,1.9782000000000002,2025-02
ORD00809,2025-04-26,CUST0142,Backpack,Accessories,West,Pune,3,48.49,0.1,Credit Card,Delivered,145.47,14.547,130.923,94.26456,36.65844,2025-04
ORD00810,2025-04-02,CUST0004,Jeans,Fashion,East,Patna,4,49.32,0.1,Cash on Delivery,Cancelled,197.28,19.728,177.552,127.83743999999999,49.714560000000006,2025-04
ORD00811,2025-03-03,CUST0037,Office Chair,Furniture,North,Jaipur,4,149.52,0.0,Credit Card,Delivered,598.08,0.0,598.08,430.61760000000004,167.4624,2025-03
ORD00812,2025-06-23,CUST0052,Running Shoes,Fashion,South,Hyderabad,4,70.47,0.1,Cash on Delivery,Delivered,281.88,28.188000000000002,253.692,182.65824,71.03376,2025-06
ORD00813,2025-11-26,CUST0242,Notebook,Stationery,East,Bhubaneswar,3,7.97,0.15,Cash on Delivery,Delivered,23.91,3.5865,20.3235,14.632919999999999,5.690580000000001,2025-11
ORD00814,2025-03-17,CUST0197,Coffee Maker,Home,East,Bhubaneswar,1,84.56,0.1,Cash on Delivery,Delivered,84.56,8.456000000000001,76.104,54.79488,21.30912,2025-03
ORD00815,2025-01-16,CUST0026,Office Chair,Furniture,South,Hyderabad,1,152.66,0.1,UPI,Delivered,152.66,15.266,137.394,98.92368,38.47032,2025-01
ORD00816,2025-03-20,CUST0078,T-Shirt,Fashion,East,Patna,5,20.58,0.0,Net Banking,Delivered,102.89999999999999,0.0,102.89999999999999,74.088,28.811999999999998,2025-03
ORD00817,2025-05-31,CUST0170,Jeans,Fashion,South,Chennai,4,48.04,0.15,Debit Card,Cancelled,192.16,28.823999999999998,163.336,117.60192,45.734080000000006,2025-05
ORD00818,2025-01-17,CUST0111,Coffee Maker,Home,North,Delhi,4,89.28,0.1,Cash on Delivery,Delivered,357.12,35.712,321.408,231.41376,89.99424000000002,2025-01
ORD00819,2025-04-01,CUST0143,Laptop,Electronics,North,Lucknow,3,690.01,0.0,Cash on Delivery,Delivered,2070.0299999999997,0.0,2070.0299999999997,1490.4215999999997,579.6084000000001,2025-04
ORD00820,2025-07-19,CUST0125,Headphones,Electronics,East,Kolkata,5,66.82,0.15,Net Banking,Cancelled,334.09999999999997,50.114999999999995,283.98499999999996,204.46919999999997,79.51579999999998,2025-07
ORD00821,2025-10-15,CUST0219,Jeans,Fashion,West,Mumbai,5,44.59,0.05,Cash on Delivery,Cancelled,222.95000000000002,11.1475,211.8025,152.4978,59.3047,2025-10
ORD00822,2025-05-26,CUST0083,T-Shirt,Fashion,East,Kolkata,1,22.32,0.0,Debit Card,Delivered,22.32,0.0,22.32,16.0704,6.249600000000001,2025-05
ORD00823,2025-11-17,CUST0088,Notebook,Stationery,North,Jaipur,1,7.91,0.05,Cash on Delivery,Delivered,7.91,0.3955,7.5145,5.4104399999999995,2.1040600000000005,2025-11
ORD00824,2025-05-07,CUST0061,Laptop,Electronics,South,Hyderabad,3,659.62,0.0,Debit Card,Delivered,1978.8600000000001,0.0,1978.8600000000001,1424.7792,554.0808000000002,2025-05
ORD00825,2025-01-11,CUST0138,Running Shoes,Fashion,South,Chennai,1,74.53,0.1,Net Banking,Cancelled,74.53,7.453,67.077,48.29544,18.78156,2025-01
ORD00826,2025-01-11,CUST0179,T-Shirt,Fashion,East,Bhubaneswar,5,20.32,0.05,Cash on Delivery,Cancelled,101.6,5.08,96.52,69.4944,27.025599999999997,2025-01
ORD00827,2025-10-21,CUST0026,T-Shirt,Fashion,East,Bhubaneswar,1,22.67,0.0,Debit Card,Delivered,22.67,0.0,22.67,16.322400000000002,6.3476,2025-10
ORD00828,2025-03-27,CUST0158,Coffee Maker,Home,East,Bhubaneswar,3,96.76,0.0,Cash on Delivery,Returned,290.28000000000003,0.0,290.28000000000003,209.00160000000002,81.2784,2025-03
ORD00829,2025-05-28,CUST0068,Smartphone,Electronics,South,Bengaluru,3,453.35,0.1,Credit Card,Cancelled,1360.0500000000002,136.00500000000002,1224.045,881.3124,342.73260000000005,2025-05
ORD00830,2025-10-24,CUST0025,Notebook,Stationery,North,Lucknow,3,7.71,0.15,Net Banking,Delivered,23.13,3.4694999999999996,19.6605,14.15556,5.5049399999999995,2025-10
ORD00831,2025-06-27,CUST0204,T-Shirt,Fashion,South,Bengaluru,3,22.02,0.05,Cash on Delivery,Returned,66.06,3.3030000000000004,62.757000000000005,45.18504,17.571960000000004,2025-06
ORD00832,2025-04-13,CUST0107,Coffee Maker,Home,East,Bhubaneswar,3,91.8,0.1,Net Banking,Delivered,275.4,27.54,247.85999999999999,178.45919999999998,69.4008,2025-04
ORD00833,2025-10-23,CUST0128,Laptop,Electronics,South,Bengaluru,4,625.87,0.15,Net Banking,Delivered,2503.48,375.522,2127.958,1532.12976,595.82824,2025-10
ORD00834,2025-09-25,CUST0052,Desk Lamp,Home,North,Jaipur,4,26.42,0.0,Debit Card,Delivered,105.68,0.0,105.68,76.0896,29.590400000000002,2025-09
ORD00835,2025-02-02,CUST0163,T-Shirt,Fashion,East,Kolkata,4,21.18,0.05,Credit Card,Delivered,84.72,4.236,80.484,57.948479999999996,22.535519999999998,2025-02
ORD00836,2025-07-27,CUST0062,Office Chair,Furniture,South,Bengaluru,2,137.85,0.0,Debit Card,Delivered,275.7,0.0,275.7,198.504,77.196,2025-07
ORD00837,2025-08-05,CUST0166,Jeans,Fashion,West,Mumbai,2,45.38,0.0,UPI,Delivered,90.76,0.0,90.76,65.3472,25.412800000000004,2025-08
ORD00838,2025-11-26,CUST0219,Backpack,Accessories,South,Bengaluru,4,47.03,0.0,UPI,Delivered,188.12,0.0,188.12,135.4464,52.67359999999999,2025-11
ORD00839,2025-02-02,CUST0231,Desk Lamp,Home,East,Bhubaneswar,3,28.77,0.0,Cash on Delivery,Returned,86.31,0.0,86.31,62.1432,24.166800000000002,2025-02
ORD00840,2025-02-27,CUST0147,Headphones,Electronics,South,Hyderabad,5,69.5,0.15,Net Banking,Cancelled,347.5,52.125,295.375,212.67,82.70500000000001,2025-02
ORD00841,2025-02-16,CUST0061,Backpack,Accessories,West,Ahmedabad,1,46.97,0.05,Debit Card,Cancelled,46.97,2.3485,44.6215,32.12748,12.494019999999999,2025-02
ORD00842,2025-05-01,CUST0240,Notebook,Stationery,West,Pune,2,7.54,0.0,Credit Card,Delivered,15.08,0.0,15.08,10.8576,4.2224,2025-05
ORD00843,2025-05-11,CUST0221,Jeans,Fashion,West,Ahmedabad,1,47.93,0.05,UPI,Delivered,47.93,2.3965,45.5335,32.784119999999994,12.749380000000002,2025-05
ORD00844,2025-09-01,CUST0175,Coffee Maker,Home,West,Mumbai,3,95.46,0.0,Debit Card,Delivered,286.38,0.0,286.38,206.19359999999998,80.18640000000002,2025-09
ORD00845,2025-06-07,CUST0006,Notebook,Stationery,East,Patna,5,7.4,0.0,Credit Card,Delivered,37.0,0.0,37.0,26.64,10.36,2025-06
ORD00846,2025-06-08,CUST0164,Coffee Maker,Home,West,Ahmedabad,3,95.81,0.0,Net Banking,Delivered,287.43,0.0,287.43,206.9496,80.4804,2025-06
ORD00847,2025-01-05,CUST0233,Jeans,Fashion,West,Pune,3,46.47,0.0,Debit Card,Delivered,139.41,0.0,139.41,100.37519999999999,39.034800000000004,2025-01
ORD00848,2025-11-20,CUST0082,Headphones,Electronics,West,Ahmedabad,4,68.01,0.05,UPI,Delivered,272.04,13.602000000000002,258.43800000000005,186.07536000000002,72.36264000000003,2025-11
ORD00849,2025-06-20,CUST0184,Jeans,Fashion,West,Pune,1,50.49,0.05,Net Banking,Delivered,50.49,2.5245,47.9655,34.53516,13.430340000000001,2025-06
ORD00850,2025-11-05,CUST0187,Running Shoes,Fashion,West,Ahmedabad,3,74.44,0.0,UPI,Returned,223.32,0.0,223.32,160.79039999999998,62.529600000000016,2025-11
ORD00851,2025-11-19,CUST0114,Office Chair,Furniture,South,Hyderabad,2,133.47,0.0,Debit Card,Delivered,266.94,0.0,266.94,192.1968,74.7432,2025-11
ORD00852,2025-02-26,CUST0041,Desk Lamp,Home,North,Delhi,5,28.96,0.0,Net Banking,Returned,144.8,0.0,144.8,104.256,40.54400000000001,2025-02
ORD00853,2025-08-20,CUST0123,T-Shirt,Fashion,East,Patna,2,21.16,0.15,Debit Card,Delivered,42.32,6.348,35.972,25.89984,10.07216,2025-08
ORD00854,2025-08-01,CUST0095,Smart Watch,Electronics,North,Delhi,4,116.62,0.15,Credit Card,Delivered,466.48,69.972,396.50800000000004,285.48576,111.02224000000001,2025-08
ORD00855,2025-02-15,CUST0250,Laptop,Electronics,South,Chennai,2,625.23,0.0,UPI,Delivered,1250.46,0.0,1250.46,900.3312,350.12880000000007,2025-02
ORD00856,2025-11-04,CUST0067,Desk Lamp,Home,West,Mumbai,1,30.05,0.0,Net Banking,Delivered,30.05,0.0,30.05,21.636,8.414000000000001,2025-11
ORD00857,2025-08-21,CUST0212,Laptop,Electronics,West,Ahmedabad,4,610.33,0.0,Credit Card,Delivered,2441.32,0.0,2441.32,1757.7504000000001,683.5696,2025-08
ORD00858,2025-07-15,CUST0034,Backpack,Accessories,West,Pune,2,45.72,0.05,Credit Card,Delivered,91.44,4.572,86.868,62.544959999999996,24.32304,2025-07
ORD00859,2025-03-16,CUST0008,Headphones,Electronics,West,Pune,3,62.25,0.1,Credit Card,Delivered,186.75,18.675,168.075,121.01399999999998,47.06100000000001,2025-03
ORD00860,2025-02-13,CUST0003,Desk Lamp,Home,West,Pune,2,29.66,0.1,Credit Card,Returned,59.32,5.932,53.388,38.43936,14.948639999999997,2025-02
ORD00861,2025-11-02,CUST0066,T-Shirt,Fashion,West,Mumbai,1,22.2,0.0,Debit Card,Delivered,22.2,0.0,22.2,15.983999999999998,6.216000000000001,2025-11
ORD00862,2025-11-07,CUST0241,Jeans,Fashion,East,Patna,5,49.61,0.0,UPI,Delivered,248.05,0.0,248.05,178.596,69.45400000000001,2025-11
ORD00863,2025-06-04,CUST0102,Coffee Maker,Home,West,Ahmedabad,3,84.7,0.15,UPI,Cancelled,254.10000000000002,38.115,215.985,155.5092,60.47580000000002,2025-06
ORD00864,2025-03-28,CUST0129,Headphones,Electronics,East,Bhubaneswar,3,68.93,0.0,UPI,Delivered,206.79000000000002,0.0,206.79000000000002,148.8888,57.90120000000002,2025-03
ORD00865,2025-03-14,CUST0067,Notebook,Stationery,West,Mumbai,3,7.42,0.0,Cash on Delivery,Delivered,22.259999999999998,0.0,22.259999999999998,16.027199999999997,6.232800000000001,2025-03
ORD00866,2025-08-09,CUST0073,Notebook,Stationery,East,Bhubaneswar,5,8.42,0.05,Net Banking,Delivered,42.1,2.105,39.995000000000005,28.796400000000002,11.198600000000003,2025-08
ORD00867,2025-06-11,CUST0189,T-Shirt,Fashion,South,Chennai,2,22.2,0.1,UPI,Delivered,44.4,4.44,39.96,28.7712,11.1888,2025-06
ORD00868,2025-04-28,CUST0047,Headphones,Electronics,North,Delhi,4,62.51,0.1,Cash on Delivery,Delivered,250.04,25.004,225.036,162.02591999999999,63.010080000000016,2025-04
ORD00869,2025-08-15,CUST0092,Jeans,Fashion,North,Lucknow,5,47.89,0.1,UPI,Returned,239.45,23.945,215.505,155.1636,60.34139999999999,2025-08
ORD00870,2025-06-28,CUST0024,Headphones,Electronics,North,Delhi,3,61.68,0.0,Net Banking,Delivered,185.04,0.0,185.04,133.22879999999998,51.811200000000014,2025-06
ORD00871,2025-10-26,CUST0249,Desk Lamp,Home,South,Bengaluru,5,29.2,0.0,Cash on Delivery,Delivered,146.0,0.0,146.0,105.11999999999999,40.88000000000001,2025-10
ORD00872,2025-12-13,CUST0025,Smart Watch,Electronics,West,Pune,1,106.2,0.0,Cash on Delivery,Delivered,106.2,0.0,106.2,76.464,29.736000000000004,2025-12
ORD00873,2025-06-15,CUST0040,Desk Lamp,Home,North,Delhi,1,27.82,0.1,Cash on Delivery,Returned,27.82,2.782,25.038,18.027359999999998,7.010640000000002,2025-06
ORD00874,2025-06-18,CUST0249,Backpack,Accessories,North,Delhi,5,48.25,0.05,Net Banking,Delivered,241.25,12.0625,229.1875,165.015,64.17250000000001,2025-06
ORD00875,2025-11-26,CUST0073,Smart Watch,Electronics,North,Jaipur,1,114.29,0.15,Net Banking,Delivered,114.29,17.1435,97.1465,69.94548,27.20102,2025-11
ORD00876,2025-05-11,CUST0046,Smartphone,Electronics,West,Mumbai,4,392.39,0.0,Credit Card,Delivered,1569.56,0.0,1569.56,1130.0831999999998,439.47680000000014,2025-05
ORD00877,2025-11-28,CUST0193,T-Shirt,Fashion,East,Patna,2,20.66,0.1,Cash on Delivery,Returned,41.32,4.132000000000001,37.188,26.77536,10.412640000000003,2025-11
ORD00878,2025-07-03,CUST0171,Backpack,Accessories,South,Bengaluru,3,45.09,0.1,Cash on Delivery,Delivered,135.27,13.527000000000001,121.74300000000001,87.65496,34.08804000000001,2025-07
ORD00879,2025-10-16,CUST0154,Jeans,Fashion,East,Bhubaneswar,1,49.97,0.05,Net Banking,Delivered,49.97,2.4985,47.4715,34.17948,13.29202,2025-10
ORD00880,2025-02-17,CUST0011,T-Shirt,Fashion,West,Ahmedabad,3,23.67,0.0,Credit Card,Delivered,71.01,0.0,71.01,51.1272,19.882800000000003,2025-02
ORD00881,2025-05-29,CUST0120,Coffee Maker,Home,North,Jaipur,1,95.86,0.1,Debit Card,Delivered,95.86,9.586,86.274,62.11728,24.15672,2025-05
ORD00882,2025-05-08,CUST0134,Headphones,Electronics,East,Bhubaneswar,3,65.71,0.15,UPI,Delivered,197.13,29.569499999999998,167.5605,120.64356,46.91694,2025-05
ORD00883,2025-09-19,CUST0109,Coffee Maker,Home,North,Jaipur,1,89.49,0.15,Debit Card,Delivered,89.49,13.423499999999999,76.06649999999999,54.76787999999999,21.29862,2025-09
ORD00884,2025-09-15,CUST0005,Backpack,Accessories,North,Delhi,4,42.69,0.0,Cash on Delivery,Delivered,170.76,0.0,170.76,122.9472,47.812799999999996,2025-09
ORD00885,2025-12-27,CUST0077,Smartphone,Electronics,West,Pune,5,435.06,0.1,Net Banking,Delivered,2175.3,217.53000000000003,1957.7700000000002,1409.5944000000002,548.1756,2025-12
ORD00886,2025-04-19,CUST0048,Running Shoes,Fashion,South,Bengaluru,5,72.11,0.0,Cash on Delivery,Cancelled,360.55,0.0,360.55,259.596,100.95400000000001,2025-04
ORD00887,2025-07-22,CUST0030,Laptop,Electronics,North,Delhi,2,666.2,0.1,Cash on Delivery,Returned,1332.4,133.24,1199.16,863.3952,335.76480000000004,2025-07
ORD00888,2025-06-05,CUST0159,Notebook,Stationery,West,Ahmedabad,3,8.24,0.1,Debit Card,Delivered,24.72,2.472,22.247999999999998,16.018559999999997,6.22944,2025-06
ORD00889,2025-01-08,CUST0049,Headphones,Electronics,South,Bengaluru,1,67.04,0.0,UPI,Delivered,67.04,0.0,67.04,48.268800000000006,18.7712,2025-01
ORD00890,2025-11-29,CUST0062,Jeans,Fashion,South,Chennai,5,45.63,0.05,Cash on Delivery,Delivered,228.15,11.4075,216.7425,156.0546,60.68790000000001,2025-11
ORD00891,2025-01-12,CUST0030,Jeans,Fashion,West,Mumbai,2,49.83,0.1,Cash on Delivery,Delivered,99.66,9.966000000000001,89.69399999999999,64.57968,25.114319999999992,2025-01
ORD00892,2025-10-27,CUST0063,Laptop,Electronics,West,Mumbai,3,657.22,0.1,UPI,Delivered,1971.66,197.16600000000003,1774.4940000000001,1277.63568,496.85832000000005,2025-10
ORD00893,2025-11-19,CUST0217,Laptop,Electronics,North,Lucknow,4,699.87,0.1,Net Banking,Cancelled,2799.48,279.94800000000004,2519.532,1814.06304,705.4689600000002,2025-11
ORD00894,2025-01-19,CUST0125,Notebook,Stationery,East,Bhubaneswar,4,8.02,0.15,Cash on Delivery,Delivered,32.08,4.811999999999999,27.268,19.63296,7.63504,2025-01
ORD00895,2025-09-28,CUST0005,Notebook,Stationery,North,Jaipur,5,7.76,0.0,Debit Card,Returned,38.8,0.0,38.8,27.935999999999996,10.864,2025-09
ORD00896,2025-03-01,CUST0127,T-Shirt,Fashion,West,Ahmedabad,3,21.82,0.1,UPI,Delivered,65.46000000000001,6.546000000000001,58.91400000000001,42.41808,16.495920000000005,2025-03
ORD00897,2025-08-29,CUST0089,Backpack,Accessories,South,Chennai,2,45.05,0.15,Debit Card,Cancelled,90.1,13.514999999999999,76.585,55.14119999999999,21.443800000000003,2025-08
ORD00898,2025-03-09,CUST0227,Notebook,Stationery,West,Pune,4,8.59,0.05,Cash on Delivery,Delivered,34.36,1.718,32.641999999999996,23.502239999999997,9.139759999999999,2025-03
ORD00899,2025-05-25,CUST0177,Desk Lamp,Home,South,Hyderabad,1,28.75,0.0,Credit Card,Delivered,28.75,0.0,28.75,20.7,8.05,2025-05
ORD00900,2025-02-21,CUST0204,Headphones,Electronics,West,Pune,4,62.96,0.0,Net Banking,Delivered,251.84,0.0,251.84,181.32479999999998,70.51520000000002,2025-02
ORD00901,2025-05-14,CUST0092,Laptop,Electronics,East,Patna,2,616.17,0.15,UPI,Delivered,1232.34,184.85099999999997,1047.489,754.19208,293.29692,2025-05
ORD00902,2025-02-28,CUST0159,Running Shoes,Fashion,West,Mumbai,1,75.74,0.1,Debit Card,Delivered,75.74,7.574,68.166,49.079519999999995,19.08648,2025-02
ORD00903,2025-10-13,CUST0069,Running Shoes,Fashion,North,Delhi,5,76.25,0.0,UPI,Delivered,381.25,0.0,381.25,274.5,106.75,2025-10
ORD00904,2025-02-24,CUST0201,Jeans,Fashion,North,Lucknow,5,50.17,0.0,Net Banking,Delivered,250.85000000000002,0.0,250.85000000000002,180.61200000000002,70.238,2025-02
ORD00905,2025-03-27,CUST0162,Coffee Maker,Home,North,Delhi,2,95.92,0.0,Debit Card,Returned,191.84,0.0,191.84,138.1248,53.71520000000001,2025-03
ORD00906,2025-02-20,CUST0040,Jeans,Fashion,West,Ahmedabad,3,46.73,0.0,UPI,Delivered,140.19,0.0,140.19,100.93679999999999,39.25320000000001,2025-02
ORD00907,2025-01-04,CUST0063,Jeans,Fashion,West,Pune,3,46.36,0.0,UPI,Delivered,139.07999999999998,0.0,139.07999999999998,100.13759999999998,38.942400000000006,2025-01
ORD00908,2025-07-04,CUST0162,Running Shoes,Fashion,West,Ahmedabad,2,70.82,0.15,Cash on Delivery,Delivered,141.64,21.246,120.39399999999999,86.68368,33.710319999999996,2025-07
ORD00909,2025-07-31,CUST0236,Headphones,Electronics,West,Pune,4,69.7,0.15,Debit Card,Delivered,278.8,41.82,236.98000000000002,170.62560000000002,66.3544,2025-07
ORD00910,2025-01-06,CUST0184,Jeans,Fashion,South,Hyderabad,1,44.81,0.05,Cash on Delivery,Delivered,44.81,2.2405000000000004,42.569500000000005,30.650040000000004,11.91946,2025-01
ORD00911,2025-07-21,CUST0195,T-Shirt,Fashion,North,Delhi,2,23.42,0.0,Net Banking,Delivered,46.84,0.0,46.84,33.7248,13.115200000000002,2025-07
ORD00912,2025-12-15,CUST0180,T-Shirt,Fashion,West,Ahmedabad,3,22.78,0.05,Debit Card,Delivered,68.34,3.4170000000000003,64.923,46.74456,18.178440000000002,2025-12
ORD00913,2025-12-25,CUST0104,Backpack,Accessories,South,Chennai,2,47.79,0.15,Net Banking,Returned,95.58,14.337,81.243,58.49495999999999,22.748040000000003,2025-12
ORD00914,2025-11-29,CUST0104,Jeans,Fashion,East,Kolkata,3,44.81,0.15,Debit Card,Delivered,134.43,20.1645,114.2655,82.27116,31.994340000000008,2025-11
ORD00915,2025-09-24,CUST0139,Notebook,Stationery,South,Chennai,2,7.48,0.15,Debit Card,Cancelled,14.96,2.244,12.716000000000001,9.155520000000001,3.56048,2025-09
ORD00916,2025-01-12,CUST0008,Running Shoes,Fashion,South,Hyderabad,5,72.1,0.05,Cash on Delivery,Cancelled,360.5,18.025000000000002,342.475,246.582,95.89300000000003,2025-01
ORD00917,2025-07-10,CUST0067,Smartphone,Electronics,North,Lucknow,5,410.22,0.0,UPI,Delivered,2051.1000000000004,0.0,2051.1000000000004,1476.7920000000001,574.3080000000002,2025-07
ORD00918,2025-08-21,CUST0087,Backpack,Accessories,North,Delhi,5,45.47,0.15,Net Banking,Delivered,227.35,34.1025,193.2475,139.13819999999998,54.10930000000002,2025-08
ORD00919,2025-05-26,CUST0171,Running Shoes,Fashion,East,Patna,5,77.07,0.1,Net Banking,Returned,385.34999999999997,38.535,346.81499999999994,249.70679999999996,97.10819999999998,2025-05
ORD00920,2025-06-17,CUST0133,Smart Watch,Electronics,North,Lucknow,2,115.68,0.05,Cash on Delivery,Delivered,231.36,11.568000000000001,219.792,158.25024,61.54176000000001,2025-06
ORD00921,2025-07-30,CUST0021,Headphones,Electronics,West,Mumbai,1,64.22,0.0,Cash on Delivery,Delivered,64.22,0.0,64.22,46.2384,17.9816,2025-07
ORD00922,2025-07-09,CUST0174,Jeans,Fashion,North,Lucknow,4,48.68,0.15,Cash on Delivery,Delivered,194.72,29.208,165.512,119.16864,46.343360000000004,2025-07
ORD00923,2025-11-22,CUST0109,Desk Lamp,Home,West,Pune,4,29.04,0.1,Credit Card,Delivered,116.16,11.616,104.544,75.27167999999999,29.272320000000008,2025-11
ORD00924,2025-09-06,CUST0183,Coffee Maker,Home,South,Chennai,2,96.74,0.15,Net Banking,Delivered,193.48,29.022,164.458,118.40975999999999,46.04824000000001,2025-09
ORD00925,2025-08-22,CUST0122,Notebook,Stationery,South,Bengaluru,2,8.57,0.05,UPI,Cancelled,17.14,0.8570000000000001,16.283,11.72376,4.559240000000001,2025-08
ORD00926,2025-03-03,CUST0095,T-Shirt,Fashion,North,Lucknow,3,20.38,0.0,UPI,Delivered,61.14,0.0,61.14,44.0208,17.1192,2025-03
ORD00927,2025-06-05,CUST0076,Backpack,Accessories,East,Bhubaneswar,1,47.1,0.0,Net Banking,Delivered,47.1,0.0,47.1,33.912,13.188000000000002,2025-06
ORD00928,2025-05-26,CUST0056,Laptop,Electronics,East,Kolkata,4,598.22,0.15,Debit Card,Delivered,2392.88,358.932,2033.948,1464.44256,569.5054400000001,2025-05
ORD00929,2025-09-04,CUST0147,Laptop,Electronics,West,Pune,5,645.05,0.05,Cash on Delivery,Delivered,3225.25,161.26250000000002,3063.9875,2206.071,857.9165000000003,2025-09
ORD00930,2025-03-12,CUST0130,Notebook,Stationery,South,Hyderabad,4,8.33,0.1,Credit Card,Returned,33.32,3.3320000000000003,29.988,21.591359999999998,8.396640000000001,2025-03
ORD00931,2025-11-16,CUST0171,Running Shoes,Fashion,North,Lucknow,4,73.65,0.1,Debit Card,Cancelled,294.6,29.460000000000004,265.14000000000004,190.90080000000003,74.23920000000001,2025-11
ORD00932,2025-05-23,CUST0166,Laptop,Electronics,West,Mumbai,2,671.55,0.15,Debit Card,Cancelled,1343.1,201.46499999999997,1141.635,821.9771999999999,319.65780000000007,2025-05
ORD00933,2025-11-26,CUST0144,Office Chair,Furniture,North,Delhi,2,155.56,0.15,Net Banking,Delivered,311.12,46.668,264.452,190.40544,74.04656,2025-11
ORD00934,2025-09-01,CUST0129,Desk Lamp,Home,South,Bengaluru,1,28.71,0.15,Credit Card,Delivered,28.71,4.3065,24.4035,17.57052,6.832980000000003,2025-09
ORD00935,2025-05-06,CUST0213,Backpack,Accessories,South,Hyderabad,5,44.6,0.15,Net Banking,Delivered,223.0,33.449999999999996,189.55,136.476,53.07400000000001,2025-05
ORD00936,2025-09-09,CUST0221,T-Shirt,Fashion,North,Delhi,3,21.78,0.1,UPI,Cancelled,65.34,6.534000000000001,58.806000000000004,42.34032,16.465680000000006,2025-09
ORD00937,2025-05-12,CUST0024,Running Shoes,Fashion,West,Mumbai,1,75.5,0.05,Credit Card,Delivered,75.5,3.7750000000000004,71.725,51.641999999999996,20.083,2025-05
ORD00938,2025-03-20,CUST0079,Backpack,Accessories,North,Jaipur,2,41.82,0.05,Credit Card,Delivered,83.64,4.182,79.458,57.209759999999996,22.248240000000003,2025-03
ORD00939,2025-06-02,CUST0100,Notebook,Stationery,North,Delhi,3,7.54,0.05,Debit Card,Delivered,22.62,1.131,21.489,15.47208,6.016920000000001,2025-06
ORD00940,2025-04-14,CUST0062,Smartphone,Electronics,North,Lucknow,5,402.29,0.15,Net Banking,Delivered,2011.45,301.7175,1709.7325,1231.0074,478.7251000000001,2025-04
ORD00941,2025-02-01,CUST0082,Smartphone,Electronics,East,Bhubaneswar,5,413.76,0.1,UPI,Delivered,2068.8,206.88000000000002,1861.92,1340.5824,521.3376000000001,2025-02
ORD00942,2025-01-10,CUST0069,Office Chair,Furniture,South,Hyderabad,5,149.06,0.0,Net Banking,Returned,745.3,0.0,745.3,536.616,208.68399999999997,2025-01
ORD00943,2025-10-18,CUST0105,Headphones,Electronics,East,Bhubaneswar,1,68.6,0.15,Credit Card,Delivered,68.6,10.29,58.309999999999995,41.9832,16.3268,2025-10
ORD00944,2025-05-06,CUST0138,Running Shoes,Fashion,South,Chennai,5,74.42,0.0,Cash on Delivery,Cancelled,372.1,0.0,372.1,267.91200000000003,104.18799999999999,2025-05
ORD00945,2025-01-01,CUST0016,Backpack,Accessories,South,Chennai,3,45.7,0.1,Debit Card,Returned,137.10000000000002,13.710000000000003,123.39000000000001,88.8408,34.54920000000001,2025-01
ORD00946,2025-01-24,CUST0042,Smart Watch,Electronics,East,Patna,5,111.11,0.05,UPI,Delivered,555.55,27.7775,527.7724999999999,379.99619999999993,147.7763,2025-01
ORD00947,2025-03-13,CUST0186,Notebook,Stationery,North,Lucknow,3,8.48,0.0,Net Banking,Cancelled,25.44,0.0,25.44,18.3168,7.123200000000001,2025-03
ORD00948,2025-11-22,CUST0067,Running Shoes,Fashion,East,Patna,4,72.28,0.05,Debit Card,Delivered,289.12,14.456000000000001,274.664,197.75807999999998,76.90592000000001,2025-11
ORD00949,2025-01-09,CUST0234,Jeans,Fashion,East,Patna,2,49.12,0.0,Net Banking,Delivered,98.24,0.0,98.24,70.7328,27.507199999999997,2025-01
ORD00950,2025-12-11,CUST0045,Laptop,Electronics,North,Jaipur,5,691.11,0.1,Cash on Delivery,Cancelled,3455.55,345.55500000000006,3109.995,2239.1964,870.7986000000001,2025-12
ORD00951,2025-10-03,CUST0008,Smartphone,Electronics,North,Lucknow,4,431.57,0.05,Cash on Delivery,Cancelled,1726.28,86.31400000000001,1639.966,1180.77552,459.19048,2025-10
ORD00952,2025-04-01,CUST0215,Running Shoes,Fashion,West,Ahmedabad,1,70.5,0.05,Credit Card,Delivered,70.5,3.5250000000000004,66.975,48.221999999999994,18.753,2025-04
ORD00953,2025-01-11,CUST0195,Laptop,Electronics,South,Chennai,3,617.92,0.15,Debit Card,Returned,1853.7599999999998,278.06399999999996,1575.696,1134.50112,441.19488,2025-01
ORD00954,2025-09-10,CUST0248,Smart Watch,Electronics,South,Chennai,1,106.14,0.15,Credit Card,Delivered,106.14,15.921,90.219,64.95768,25.261319999999998,2025-09
ORD00955,2025-02-26,CUST0223,Smart Watch,Electronics,West,Pune,5,110.01,0.0,Net Banking,Delivered,550.0500000000001,0.0,550.0500000000001,396.03600000000006,154.014,2025-02
ORD00956,2025-02-03,CUST0151,Office Chair,Furniture,South,Bengaluru,1,136.36,0.15,Credit Card,Cancelled,136.36,20.454,115.906,83.45232,32.453680000000006,2025-02
ORD00957,2025-04-09,CUST0218,Notebook,Stationery,East,Patna,1,8.63,0.15,Net Banking,Delivered,8.63,1.2945,7.335500000000001,5.28156,2.0539400000000008,2025-04
ORD00958,2025-01-02,CUST0241,Office Chair,Furniture,West,Pune,1,153.21,0.05,Cash on Delivery,Delivered,153.21,7.660500000000001,145.5495,104.79563999999999,40.75386,2025-01
ORD00959,2025-12-15,CUST0133,Backpack,Accessories,North,Jaipur,4,44.0,0.0,Credit Card,Delivered,176.0,0.0,176.0,126.72,49.28,2025-12
ORD00960,2025-09-30,CUST0115,Backpack,Accessories,West,Pune,1,44.22,0.05,UPI,Cancelled,44.22,2.211,42.009,30.24648,11.762520000000002,2025-09
ORD00961,2025-12-20,CUST0109,Laptop,Electronics,South,Bengaluru,2,618.48,0.05,Debit Card,Delivered,1236.96,61.848000000000006,1175.112,846.08064,329.03136000000006,2025-12
ORD00962,2025-01-15,CUST0123,Office Chair,Furniture,North,Jaipur,1,147.15,0.05,Debit Card,Delivered,147.15,7.357500000000001,139.79250000000002,100.65060000000001,39.14190000000001,2025-01
ORD00963,2025-05-03,CUST0246,Smartphone,Electronics,West,Pune,1,441.61,0.15,Credit Card,Delivered,441.61,66.2415,375.36850000000004,270.26532000000003,105.10318000000001,2025-05
ORD00964,2025-02-18,CUST0161,Desk Lamp,Home,West,Pune,5,26.32,0.0,UPI,Delivered,131.6,0.0,131.6,94.752,36.848,2025-02
ORD00965,2025-03-07,CUST0016,Running Shoes,Fashion,North,Jaipur,1,72.62,0.1,UPI,Delivered,72.62,7.2620000000000005,65.358,47.05776,18.300240000000002,2025-03
ORD00966,2025-10-14,CUST0014,Office Chair,Furniture,North,Jaipur,4,142.72,0.15,Cash on Delivery,Delivered,570.88,85.63199999999999,485.248,349.37856,135.86944,2025-10
ORD00967,2025-08-21,CUST0099,Desk Lamp,Home,North,Jaipur,4,29.7,0.15,UPI,Delivered,118.8,17.82,100.97999999999999,72.70559999999999,28.2744,2025-08
ORD00968,2025-08-21,CUST0133,Office Chair,Furniture,North,Jaipur,5,137.87,0.0,UPI,Cancelled,689.35,0.0,689.35,496.332,193.01800000000003,2025-08
ORD00969,2025-10-31,CUST0203,Notebook,Stationery,North,Delhi,5,7.52,0.15,Debit Card,Delivered,37.599999999999994,5.639999999999999,31.959999999999994,23.011199999999995,8.948799999999999,2025-10
ORD00970,2025-11-14,CUST0114,T-Shirt,Fashion,West,Mumbai,2,20.72,0.0,UPI,Delivered,41.44,0.0,41.44,29.836799999999997,11.603200000000001,2025-11
ORD00971,2025-09-20,CUST0246,Backpack,Accessories,West,Ahmedabad,3,43.64,0.15,Credit Card,Delivered,130.92000000000002,19.638,111.28200000000001,80.12304,31.158960000000008,2025-09
ORD00972,2025-11-05,CUST0088,Jeans,Fashion,East,Bhubaneswar,3,51.61,0.15,Net Banking,Returned,154.82999999999998,23.224499999999995,131.60549999999998,94.75595999999999,36.84953999999999,2025-11
ORD00973,2025-01-30,CUST0061,Office Chair,Furniture,South,Hyderabad,5,153.32,0.1,Debit Card,Delivered,766.5999999999999,76.66,689.9399999999999,496.75679999999994,193.1832,2025-01
ORD00974,2025-02-05,CUST0088,Smart Watch,Electronics,South,Bengaluru,4,113.43,0.1,Net Banking,Returned,453.72,45.37200000000001,408.348,294.01056,114.33744000000002,2025-02
ORD00975,2025-11-12,CUST0077,Running Shoes,Fashion,East,Bhubaneswar,3,70.95,0.1,UPI,Delivered,212.85000000000002,21.285000000000004,191.56500000000003,137.92680000000001,53.63820000000001,2025-11
ORD00976,2025-11-24,CUST0058,Smart Watch,Electronics,North,Lucknow,2,109.41,0.0,Credit Card,Delivered,218.82,0.0,218.82,157.5504,61.2696,2025-11
ORD00977,2025-07-12,CUST0053,Notebook,Stationery,East,Bhubaneswar,2,8.42,0.0,Debit Card,Delivered,16.84,0.0,16.84,12.124799999999999,4.715200000000001,2025-07
ORD00978,2025-01-16,CUST0143,Smartphone,Electronics,East,Kolkata,2,405.93,0.0,Net Banking,Delivered,811.86,0.0,811.86,584.5391999999999,227.32080000000008,2025-01
ORD00979,2025-04-12,CUST0051,Laptop,Electronics,North,Jaipur,2,620.77,0.05,Credit Card,Delivered,1241.54,62.077,1179.463,849.21336,330.24964,2025-04
ORD00980,2025-04-02,CUST0051,Coffee Maker,Home,South,Bengaluru,2,94.94,0.0,UPI,Returned,189.88,0.0,189.88,136.71359999999999,53.16640000000001,2025-04
ORD00981,2025-12-02,CUST0202,Headphones,Electronics,West,Mumbai,3,69.54,0.05,Cash on Delivery,Delivered,208.62,10.431000000000001,198.189,142.69608,55.49292,2025-12
ORD00982,2025-12-05,CUST0044,Running Shoes,Fashion,East,Patna,5,79.58,0.0,UPI,Delivered,397.9,0.0,397.9,286.488,111.41199999999998,2025-12
ORD00983,2025-04-09,CUST0137,Headphones,Electronics,South,Chennai,3,63.11,0.1,Credit Card,Delivered,189.32999999999998,18.933,170.397,122.68583999999998,47.71116000000001,2025-04
ORD00984,2025-10-02,CUST0076,Desk Lamp,Home,South,Bengaluru,3,26.87,0.05,Credit Card,Cancelled,80.61,4.0305,76.5795,55.13724,21.442259999999997,2025-10
ORD00985,2025-04-18,CUST0187,Desk Lamp,Home,West,Mumbai,4,29.3,0.15,UPI,Delivered,117.2,17.58,99.62,71.7264,27.893600000000006,2025-04
ORD00986,2025-11-27,CUST0193,Coffee Maker,Home,West,Ahmedabad,3,89.98,0.1,Credit Card,Delivered,269.94,26.994,242.946,174.92112,68.02488,2025-11
ORD00987,2025-09-27,CUST0178,Notebook,Stationery,East,Bhubaneswar,4,7.97,0.15,Cash on Delivery,Returned,31.88,4.782,27.098,19.510559999999998,7.587440000000001,2025-09
ORD00988,2025-04-17,CUST0057,Desk Lamp,Home,North,Delhi,4,29.63,0.1,Credit Card,Delivered,118.52,11.852,106.66799999999999,76.80095999999999,29.867040000000003,2025-04
ORD00989,2025-10-20,CUST0041,T-Shirt,Fashion,West,Pune,3,22.18,0.0,UPI,Delivered,66.53999999999999,0.0,66.53999999999999,47.90879999999999,18.6312,2025-10
ORD00990,2025-04-28,CUST0150,Jeans,Fashion,East,Kolkata,4,48.09,0.05,Cash on Delivery,Delivered,192.36,9.618000000000002,182.74200000000002,131.57424,51.167760000000015,2025-04
ORD00991,2025-07-29,CUST0095,Jeans,Fashion,West,Pune,3,46.26,0.0,Credit Card,Delivered,138.78,0.0,138.78,99.9216,38.8584,2025-07
ORD00992,2025-11-27,CUST0020,Smart Watch,Electronics,East,Bhubaneswar,1,106.38,0.15,Net Banking,Cancelled,106.38,15.956999999999999,90.423,65.10455999999999,25.31844000000001,2025-11
ORD00993,2025-05-22,CUST0238,Office Chair,Furniture,North,Delhi,1,136.15,0.05,UPI,Cancelled,136.15,6.807500000000001,129.3425,93.1266,36.215900000000005,2025-05
ORD00994,2025-04-11,CUST0173,Smart Watch,Electronics,East,Bhubaneswar,3,106.53,0.05,Credit Card,Returned,319.59000000000003,15.979500000000002,303.6105,218.59956,85.01094,2025-04
ORD00995,2025-10-06,CUST0234,Desk Lamp,Home,South,Chennai,1,29.21,0.05,Debit Card,Delivered,29.21,1.4605000000000001,27.7495,19.97964,7.769860000000001,2025-10
ORD00996,2025-08-30,CUST0168,T-Shirt,Fashion,North,Lucknow,2,23.29,0.0,Credit Card,Returned,46.58,0.0,46.58,33.5376,13.0424,2025-08
ORD00997,2025-08-31,CUST0060,Notebook,Stationery,South,Hyderabad,5,8.37,0.1,Cash on Delivery,Delivered,41.849999999999994,4.185,37.66499999999999,27.118799999999993,10.546199999999999,2025-08
ORD00998,2025-04-07,CUST0110,Smartphone,Electronics,East,Patna,4,400.48,0.1,Net Banking,Delivered,1601.92,160.192,1441.728,1038.04416,403.68384000000015,2025-04
ORD00999,2025-10-23,CUST0224,Running Shoes,Fashion,South,Bengaluru,3,80.32,0.0,Cash on Delivery,Returned,240.95999999999998,0.0,240.95999999999998,173.4912,67.46879999999999,2025-10
ORD01000,2025-04-26,CUST0108,Running Shoes,Fashion,East,Bhubaneswar,4,78.15,0.15,Debit Card,Delivered,312.6,46.89,265.71000000000004,191.3112,74.39880000000002,2025-04
